Customer ID,Total_Orders,Total_Revenue,Total_Profit,Total_Quantity,Avg_Order_Value,Avg_Discount,First_Order,Last_Order,Unique_Products,Unique_Categories,Avg_Profit_Margin,Recency (Days),Frequency,Monetary,R_Score,F_Score,M_Score,RFM_Score,Customer Segment,Customer Name,Segment
AA-10315,5,5563.56,-362.88,30,505.78,0.09,2014-03-31,2017-06-29,11,3,26.5,184,5,5563.56,2,2,5,9,Cant Lose Them,Alex Avila,Consumer
AA-10375,9,1056.39,277.38,41,70.43,0.08,2014-04-21,2017-12-11,15,3,31.9,19,9,1056.39,5,5,2,12,Loyal Customers,Allen Armold,Consumer
AA-10480,4,1790.51,435.83,36,149.21,0.02,2014-05-04,2017-04-15,12,3,33.08,259,4,1790.51,1,1,3,5,Cant Lose Them,Andrew Allen,Consumer
AA-10645,6,5086.93,857.8,64,282.61,0.06,2014-06-22,2017-11-05,18,3,24.41,55,6,5086.93,3,3,5,11,Loyal Customers,Anna Andreadi,Consumer
AB-10015,3,886.16,129.35,13,147.69,0.07,2014-02-18,2016-11-10,6,3,10.54,415,3,886.16,1,1,1,3,Lost/Hibernating,Aaron Bergman,Consumer
AB-10060,8,7755.62,2054.59,56,430.87,0.04,2015-09-18,2017-11-06,17,3,34.46,54,8,7755.62,3,4,5,12,Loyal Customers,Adam Bellavance,Home Office
AB-10105,10,14473.57,5444.81,73,723.68,0.24,2014-12-20,2017-11-19,20,3,-8.31,41,10,14473.57,4,5,5,14,Champions,Adrian Barton,Consumer
AB-10150,5,966.71,313.66,37,80.56,0.13,2014-03-05,2017-11-19,12,3,21.48,41,5,966.71,4,2,2,8,New Customers,Aimee Bixby,Consumer
AB-10165,8,1113.84,220.81,48,79.56,0.14,2014-11-16,2017-12-05,14,3,24.21,25,8,1113.84,5,4,2,11,Loyal Customers,Alan Barnes,Consumer
AB-10255,9,914.53,264.57,39,65.32,0.1,2014-07-22,2017-07-17,14,3,30.68,166,9,914.53,2,5,1,8,At Risk,Alejandro Ballentine,Home Office
AB-10600,4,1515.86,-274.96,38,189.48,0.38,2014-11-18,2017-11-10,8,3,-33.48,50,4,1515.86,4,1,2,7,New Customers,Ann Blume,Corporate
AC-10420,3,925.8,-62.13,17,185.16,0.32,2014-07-12,2017-05-12,5,2,-19.25,232,3,925.8,1,1,1,3,Lost/Hibernating,Alyssa Crouse,Corporate
AC-10450,7,5527.85,1366.01,43,614.21,0.19,2014-10-31,2017-12-19,9,2,13.22,11,7,5527.85,5,3,5,13,Champions,Amy Cox,Consumer
AC-10615,5,2537.69,298.83,59,140.98,0.11,2015-09-15,2017-12-24,18,3,15.12,6,5,2537.69,5,2,3,10,Loyal Customers,Ann Chong,Corporate
AC-10660,5,657.32,-28.7,16,109.55,0.18,2014-10-15,2017-03-23,6,3,6.16,282,5,657.32,1,2,1,4,Lost/Hibernating,Anna Chung,Consumer
AD-10180,8,6106.88,1869.93,40,508.91,0.06,2014-11-19,2017-12-01,12,3,30.19,29,8,6106.88,4,4,5,13,Champions,Alan Dominguez,Home Office
AF-10870,7,2052.91,317.97,51,128.31,0.2,2015-12-06,2017-11-19,16,3,-7.94,41,7,2052.91,4,3,3,10,Loyal Customers,Art Ferguson,Consumer
AF-10885,4,861.56,-163.12,37,123.08,0.26,2014-05-10,2016-11-10,7,3,-12.19,415,4,861.56,1,1,1,3,Lost/Hibernating,Art Foster,Consumer
AG-10270,5,2582.9,732.74,58,184.49,0.01,2014-05-13,2017-03-27,14,3,27.07,278,5,2582.9,1,2,3,6,Cant Lose Them,Alejandro Grove,Consumer
AG-10300,4,367.55,59.29,16,73.51,0.08,2014-04-26,2017-09-03,5,2,24.25,118,4,367.55,2,1,1,4,Lost/Hibernating,Aleksandra Gannaway,Corporate
AG-10330,5,660.97,-5.14,47,73.44,0.23,2016-08-03,2017-12-22,9,3,-0.28,8,5,660.97,5,2,1,8,New Customers,Alex Grayson,Consumer
AG-10390,5,200.94,69.28,33,25.12,0.22,2014-04-19,2017-09-07,8,2,9.95,114,5,200.94,2,2,1,5,Lost/Hibernating,Allen Goldenen,Consumer
AG-10495,8,2356.86,295.67,93,112.23,0.2,2015-01-04,2017-10-13,21,3,17.66,78,8,2356.86,3,4,3,10,Loyal Customers,Andrew Gjertsen,Corporate
AG-10525,4,1455.04,-152.76,33,161.67,0.16,2014-08-09,2015-09-07,9,3,17.62,845,4,1455.04,1,1,2,4,Lost/Hibernating,Andy Gerbode,Corporate
AG-10675,7,3489.04,-246.43,54,232.6,0.16,2015-05-07,2017-09-24,15,3,13.73,97,7,3489.04,3,3,4,10,Loyal Customers,Anna Gayman,Consumer
AG-10765,4,170.58,-8.43,20,34.12,0.46,2014-09-17,2017-10-14,5,1,-60.4,77,4,170.58,3,1,1,5,Need Attention,Anthony Garverick,Home Office
AG-10900,10,4510.8,343.68,92,214.8,0.17,2014-07-23,2017-09-25,21,3,9.4,96,10,4510.8,3,5,5,13,Champions,Arthur Gainer,Consumer
AH-10030,7,1744.7,365.22,54,158.61,0.09,2014-04-22,2017-12-18,11,3,31.05,12,7,1744.7,5,3,3,11,Loyal Customers,Aaron Hawkins,Corporate
AH-10075,10,3250.34,281.19,75,162.52,0.14,2014-11-16,2017-11-26,20,3,16.85,34,10,3250.34,4,5,4,13,Champions,Adam Hart,Corporate
AH-10120,7,1735.51,-2.31,65,108.47,0.24,2014-07-18,2017-10-31,16,3,-3.53,60,7,1735.51,3,3,2,8,Potential Loyalists,Adrian Hane,Home Office
AH-10195,4,1587.45,-378.55,28,198.43,0.35,2015-03-05,2017-11-05,8,2,-24.07,55,4,1587.45,3,1,2,6,Need Attention,Alan Haines,Corporate
AH-10210,9,4805.34,1308.55,53,369.64,0.09,2014-11-29,2017-12-24,13,2,29.96,6,9,4805.34,5,5,5,15,Champions,Alan Hwang,Consumer
AH-10465,5,2495.39,-196.12,35,311.92,0.14,2015-01-03,2017-05-14,8,3,13.24,230,5,2495.39,1,2,3,6,Cant Lose Them,Amy Hunt,Consumer
AH-10585,4,738.5,83.96,17,147.7,0.12,2014-10-26,2017-12-09,5,3,18.85,21,4,738.5,5,1,1,7,New Customers,Angele Hood,Consumer
AH-10690,12,7888.29,1298.02,102,342.97,0.22,2014-04-02,2016-11-15,23,3,-1.4,410,12,7888.29,1,5,5,11,Loyal Customers,Anna Häberlin,Corporate
AI-10855,10,4375.79,867.73,72,243.1,0.07,2014-04-28,2017-12-17,18,3,31.22,13,10,4375.79,5,5,5,15,Champions,Arianne Irving,Consumer
AJ-10780,7,4867.34,150.71,62,324.49,0.09,2014-01-10,2017-10-16,15,3,20.79,75,7,4867.34,3,3,5,11,Loyal Customers,Anthony Jacobs,Corporate
AJ-10795,7,4501.39,1158.71,88,214.35,0.08,2014-05-14,2017-07-17,21,3,26.39,166,7,4501.39,2,3,5,10,Loyal Customers,Anthony Johnson,Corporate
AJ-10945,7,1839.24,521.14,40,183.92,0.04,2014-03-03,2017-10-06,10,3,27.65,85,7,1839.24,3,3,3,9,Potential Loyalists,Ashley Jarboe,Consumer
AJ-10960,3,629.25,60.43,22,125.85,0.04,2014-09-14,2017-10-17,5,1,27.05,74,3,629.25,3,1,1,5,Need Attention,Astrea Jones,Consumer
AM-10360,5,814.01,194.99,48,67.83,0.12,2014-10-06,2017-12-02,12,3,29.17,28,5,814.01,4,2,1,7,New Customers,Alice McCarthy,Corporate
AM-10705,8,5664.02,1085.73,81,257.46,0.06,2014-10-31,2017-07-21,22,3,24.56,162,8,5664.02,2,4,5,11,Loyal Customers,Anne McFarland,Consumer
AO-10810,1,161.28,12.1,2,161.28,0.2,2016-08-16,2016-08-16,1,1,7.5,501,1,161.28,1,1,1,3,Lost/Hibernating,Anthony O'Donnell,Corporate
AP-10720,8,1638.55,285.79,85,86.24,0.16,2014-03-03,2017-11-19,19,3,17.88,41,8,1638.55,4,4,2,10,Loyal Customers,Anne Pryor,Home Office
AP-10915,10,3323.56,579.31,102,107.21,0.09,2014-08-23,2017-09-23,30,3,23.92,98,10,3323.56,3,5,4,12,Loyal Customers,Arthur Prichep,Consumer
AR-10345,4,1055.69,-221.05,18,211.14,0.26,2014-12-30,2017-09-10,5,3,-1.87,111,4,1055.69,2,1,2,5,Lost/Hibernating,Alex Russell,Corporate
AR-10405,5,2236.13,-98.76,29,319.45,0.1,2014-10-03,2017-08-27,7,3,20.39,125,5,2236.13,2,2,3,7,Cant Lose Them,Allen Rosenblatt,Corporate
AR-10510,5,264.86,43.67,33,37.84,0.21,2014-05-02,2017-12-16,7,2,5.35,14,5,264.86,5,2,1,8,New Customers,Andrew Roberts,Consumer
AR-10540,6,6608.45,2884.62,33,734.27,0.07,2014-11-25,2017-12-24,9,3,38.44,6,6,6608.45,5,3,5,13,Champions,Andy Reiter,Consumer
AR-10570,1,88.15,32.63,6,44.08,0.0,2016-07-14,2016-07-14,2,2,38.5,534,1,88.15,1,1,1,3,Lost/Hibernating,Anemone Ratner,Consumer
AR-10825,8,4523.34,494.84,54,347.95,0.08,2014-06-30,2017-11-02,13,3,21.24,58,8,4523.34,3,4,5,12,Loyal Customers,Anthony Rawles,Corporate
AS-10045,7,3050.69,-253.57,48,305.07,0.36,2014-07-27,2017-10-03,10,3,-11.94,88,7,3050.69,3,3,4,10,Loyal Customers,Aaron Smayling,Corporate
AS-10090,9,3255.31,64.54,81,130.21,0.18,2014-09-22,2017-12-02,24,3,9.65,28,9,3255.31,4,5,4,13,Champions,Adam Shillingsburg,Consumer
AS-10135,2,58.82,21.85,9,19.61,0.07,2016-11-13,2017-11-19,3,2,39.25,41,2,58.82,4,1,1,6,New Customers,Adrian Shami,Home Office
AS-10225,5,4260.78,719.78,41,327.75,0.06,2014-10-18,2017-12-08,13,3,26.92,22,5,4260.78,5,2,4,11,Loyal Customers,Alan Schoenberger,Corporate
AS-10240,7,584.61,33.72,39,44.97,0.27,2014-03-15,2017-06-21,13,2,-0.31,192,7,584.61,2,3,1,6,At Risk,Alan Shonely,Consumer
AS-10285,6,3214.24,354.63,39,401.78,0.22,2016-05-21,2017-12-11,8,3,-7.9,19,6,3214.24,5,3,4,12,Loyal Customers,Alejandro Savely,Corporate
AS-10630,7,833.4,136.49,34,69.45,0.18,2014-08-01,2017-09-29,10,3,28.94,92,7,833.4,3,3,1,7,Potential Loyalists,Ann Steele,Home Office
AT-10435,6,1171.81,100.88,28,130.2,0.2,2014-11-24,2017-12-09,9,3,2.69,21,6,1171.81,5,3,2,10,Loyal Customers,Alyssa Tate,Home Office
AT-10735,10,3831.86,974.11,60,239.49,0.09,2014-08-30,2017-12-17,16,3,23.39,13,10,3831.86,5,5,4,14,Champions,Annie Thurman,Consumer
AW-10840,4,649.38,65.77,24,81.17,0.2,2015-04-13,2017-12-10,8,3,-3.19,20,4,649.38,5,1,1,7,New Customers,Anthony Witt,Consumer
AW-10930,7,2852.97,-104.55,68,178.31,0.31,2014-07-14,2017-11-14,16,3,-25.37,46,7,2852.97,4,3,4,11,Loyal Customers,Arthur Wiediger,Home Office
AY-10555,4,497.01,103.35,34,49.7,0.1,2014-04-06,2017-12-16,10,3,26.7,14,4,497.01,5,1,1,7,New Customers,Andy Yotov,Corporate
AZ-10750,6,1622.02,154.95,40,135.17,0.12,2014-03-17,2017-07-23,12,3,19.0,160,6,1622.02,2,3,2,7,At Risk,Annie Zypern,Consumer
BB-10990,5,744.34,11.58,26,93.04,0.2,2014-07-27,2017-09-16,8,2,-3.5,105,5,744.34,2,2,1,5,Lost/Hibernating,Barry Blumstein,Corporate
BB-11545,9,6765.73,1015.08,83,338.29,0.2,2015-06-05,2017-12-02,20,3,-12.6,28,9,6765.73,4,5,5,14,Champions,Brenda Bowman,Corporate
BC-11125,9,2933.68,251.6,60,162.98,0.11,2014-07-06,2017-06-11,18,3,16.55,202,9,2933.68,2,5,4,11,Loyal Customers,Becky Castell,Home Office
BD-11320,12,5718.52,1094.5,75,300.97,0.08,2015-05-31,2017-11-27,19,3,24.32,33,12,5718.52,4,5,5,14,Champions,Bill Donatelli,Consumer
BD-11500,6,4411.24,1142.12,49,441.12,0.14,2014-02-01,2017-11-25,10,3,10.63,35,6,4411.24,4,3,5,12,Loyal Customers,Bradley Drucker,Consumer
BD-11560,2,320.54,116.71,11,80.14,0.0,2015-05-30,2017-03-27,4,2,42.0,278,2,320.54,1,1,1,3,Lost/Hibernating,Brendan Dodson,Home Office
BD-11605,7,3288.47,634.85,74,164.42,0.07,2014-01-13,2017-09-24,20,3,28.87,97,7,3288.47,3,3,4,10,Loyal Customers,Brian Dahlen,Consumer
BD-11620,6,1538.11,206.76,27,192.26,0.18,2014-06-30,2017-10-22,8,3,8.36,69,6,1538.11,3,3,2,8,Potential Loyalists,Brian DeCherney,Consumer
BD-11635,3,582.65,141.53,19,116.53,0.1,2014-10-05,2017-12-21,5,3,28.41,9,3,582.65,5,1,1,7,New Customers,Brian Derr,Consumer
BD-11725,6,1526.5,333.98,29,152.65,0.02,2015-07-03,2017-09-28,10,2,31.15,93,6,1526.5,3,3,2,8,Potential Loyalists,Bruce Degenhardt,Consumer
BD-11770,6,658.47,141.26,21,65.85,0.12,2016-03-10,2017-02-06,10,3,25.98,327,6,658.47,1,3,1,5,At Risk,Bryan Davis,Consumer
BE-11335,5,4204.68,1487.77,35,467.19,0.02,2016-01-15,2017-09-02,9,3,35.75,119,5,4204.68,2,2,4,8,Cant Lose Them,Bill Eplett,Home Office
BE-11410,5,2261.44,755.92,19,452.29,0.16,2016-02-07,2017-09-23,5,2,34.6,98,5,2261.44,3,2,3,8,Need Attention,Bobby Elias,Consumer
BE-11455,6,1727.65,139.2,40,132.9,0.15,2015-08-02,2017-04-20,13,3,14.65,254,6,1727.65,1,3,2,6,At Risk,Brad Eason,Home Office
BF-10975,7,599.8,227.44,38,46.14,0.15,2014-07-14,2017-09-30,13,2,24.83,91,7,599.8,3,3,1,7,Potential Loyalists,Barbara Fisher,Corporate
BF-11005,4,1333.88,-291.38,26,133.39,0.18,2014-09-25,2017-11-21,10,3,0.25,39,4,1333.88,4,1,2,7,New Customers,Barry Franz,Home Office
BF-11020,8,2888.51,302.02,78,137.55,0.26,2014-02-15,2017-10-17,21,3,3.0,74,8,2888.51,3,4,4,11,Loyal Customers,Barry Französisch,Corporate
BF-11080,3,272.95,110.93,29,45.49,0.0,2014-11-28,2017-12-05,6,1,41.17,25,3,272.95,5,1,1,7,New Customers,Bart Folk,Consumer
BF-11170,11,5907.97,1538.21,102,218.81,0.12,2014-04-13,2017-12-14,27,3,22.48,16,11,5907.97,5,5,5,15,Champions,Ben Ferrer,Home Office
BF-11215,4,1585.16,523.21,48,198.15,0.05,2014-11-09,2017-10-26,8,3,34.12,65,4,1585.16,3,1,2,6,Need Attention,Benjamin Farhat,Home Office
BF-11275,3,791.99,25.87,11,198.0,0.15,2014-03-22,2017-11-03,4,3,13.38,57,3,791.99,3,1,1,5,Need Attention,Beth Fritzler,Corporate
BG-11035,8,2798.95,-711.43,35,233.25,0.19,2014-11-05,2017-12-02,12,3,5.15,28,8,2798.95,4,4,4,12,Loyal Customers,Barry Gonzalez,Consumer
BG-11695,6,1874.17,107.57,24,234.27,0.14,2014-05-11,2017-11-24,8,3,22.3,36,6,1874.17,4,3,3,10,Loyal Customers,Brooke Gillingham,Corporate
BG-11740,6,1006.36,119.35,22,143.77,0.14,2014-03-23,2017-11-03,7,3,18.82,57,6,1006.36,3,3,2,8,Potential Loyalists,Bruce Geld,Consumer
BH-11710,8,6255.35,802.79,97,260.64,0.18,2014-06-09,2017-12-07,24,3,11.75,23,8,6255.35,5,4,5,14,Champions,Brosina Hoffman,Consumer
BK-11260,6,659.14,-63.76,58,41.2,0.21,2014-08-03,2017-10-14,16,3,-12.09,77,6,659.14,3,3,1,7,Potential Loyalists,Berenike Kampe,Consumer
BM-11140,4,11789.63,-1659.96,64,736.85,0.17,2014-09-08,2017-02-26,16,3,-0.72,307,4,11789.63,1,1,5,7,Cant Lose Them,Becky Martin,Consumer
BM-11575,6,808.16,95.58,22,80.82,0.18,2015-09-15,2017-09-21,9,3,5.8,100,6,808.16,3,3,1,7,Potential Loyalists,Brendan Murry,Corporate
BM-11650,11,7294.18,2199.28,95,251.52,0.08,2014-07-09,2017-11-27,28,3,25.71,33,11,7294.18,4,5,5,14,Champions,Brian Moss,Corporate
BM-11785,10,1338.84,137.74,44,95.63,0.25,2014-06-06,2017-05-26,14,3,-2.43,218,10,1338.84,2,5,2,9,At Risk,Bryan Mills,Consumer
BN-11470,4,265.3,36.61,15,44.22,0.17,2014-09-12,2017-12-06,6,2,21.79,24,4,265.3,5,1,1,7,New Customers,Brad Norvell,Corporate
BN-11515,5,1459.34,340.71,79,85.84,0.02,2014-03-17,2017-12-21,17,2,31.76,9,5,1459.34,5,2,2,9,New Customers,Bradley Nguyen,Consumer
BO-11350,5,2682.73,278.78,43,223.56,0.23,2016-01-03,2017-08-15,12,3,5.4,137,5,2682.73,2,2,3,7,Cant Lose Them,Bill Overfelt,Corporate
BO-11425,2,130.83,59.45,7,65.42,0.0,2015-09-10,2017-10-16,2,1,40.0,75,2,130.83,3,1,1,5,Need Attention,Bobby Odegard,Consumer
BP-11050,5,983.42,209.78,30,140.49,0.14,2014-10-12,2017-10-08,7,2,0.18,83,5,983.42,3,2,2,7,Need Attention,Barry Pond,Corporate
BP-11095,12,2442.04,433.98,70,122.1,0.16,2014-06-07,2017-12-13,19,3,13.97,17,12,2442.04,5,5,3,13,Champions,Bart Pistole,Corporate
BP-11155,6,1697.86,647.38,32,154.35,0.08,2015-06-04,2017-10-02,11,3,26.33,89,6,1697.86,3,3,2,8,Potential Loyalists,Becky Pak,Consumer
BP-11185,9,3675.86,363.6,69,204.21,0.19,2015-03-24,2017-12-29,18,3,11.84,1,9,3675.86,5,5,4,14,Champions,Ben Peterman,Corporate
BP-11230,5,1181.49,-197.27,14,196.92,0.07,2014-04-20,2017-11-21,6,3,28.83,39,5,1181.49,4,2,2,8,New Customers,Benjamin Patterson,Consumer
BP-11290,7,2475.16,-319.06,51,154.7,0.3,2014-10-03,2017-12-18,16,2,-2.58,12,7,2475.16,5,3,3,11,Loyal Customers,Beth Paige,Consumer
BS-11365,5,10501.65,2616.06,39,1166.85,0.01,2014-05-04,2016-06-20,9,3,27.0,558,5,10501.65,1,2,5,8,Cant Lose Them,Bill Shonely,Corporate
BS-11380,5,3887.83,-17.53,58,299.06,0.28,2014-11-29,2017-12-02,13,3,-9.95,28,5,3887.83,4,2,4,10,Loyal Customers,Bill Stewart,Corporate
BS-11590,6,2454.93,381.78,41,245.49,0.3,2014-01-14,2017-11-25,10,3,-15.25,35,6,2454.93,4,3,3,10,Loyal Customers,Brendan Sweed,Corporate
BS-11665,3,3288.11,238.74,47,298.92,0.18,2014-06-23,2016-05-27,11,3,-0.45,582,3,3288.11,1,1,4,6,Cant Lose Them,Brian Stugart,Consumer
BS-11755,7,2562.38,-113.3,45,183.03,0.13,2014-05-18,2017-12-29,14,3,15.26,1,7,2562.38,5,3,3,11,Loyal Customers,Bruce Stewart,Consumer
BS-11800,2,949.43,194.05,22,118.68,0.0,2015-09-26,2017-04-09,8,1,37.12,265,2,949.43,1,1,1,3,Lost/Hibernating,Bryan Spruell,Home Office
BT-11305,5,2567.66,417.59,33,285.3,0.04,2014-04-25,2017-01-28,9,3,27.56,336,5,2567.66,1,2,3,6,Cant Lose Them,Beth Thompson,Home Office
BT-11395,6,2186.61,257.92,38,218.66,0.15,2014-10-28,2017-03-03,10,3,14.38,302,6,2186.61,1,3,3,7,At Risk,Bill Tyler,Corporate
BT-11440,4,603.88,-77.53,16,86.27,0.16,2014-06-04,2016-06-18,7,2,6.12,560,4,603.88,1,1,1,3,Lost/Hibernating,Bobby Trafton,Consumer
BT-11485,2,415.2,126.87,11,138.4,0.07,2015-12-27,2016-03-11,3,2,36.42,659,2,415.2,1,1,1,3,Lost/Hibernating,Brad Thomas,Home Office
BT-11530,5,2684.49,409.5,44,268.45,0.1,2014-05-21,2017-09-30,10,3,24.19,91,5,2684.49,3,2,3,8,Need Attention,Bradley Talbott,Home Office
BT-11680,7,3196.75,447.75,88,159.84,0.07,2014-11-28,2017-12-10,20,3,30.59,20,7,3196.75,5,3,4,12,Loyal Customers,Brian Thompson,Consumer
BV-11245,5,1523.27,315.22,49,108.81,0.09,2015-03-26,2017-01-30,14,3,25.9,334,5,1523.27,1,2,2,5,Lost/Hibernating,Benjamin Venier,Corporate
BW-11065,3,385.52,-58.29,8,128.51,0.13,2014-05-25,2017-06-01,3,2,16.17,212,3,385.52,2,1,1,4,Lost/Hibernating,Barry Weirich,Consumer
BW-11110,8,4750.36,921.26,74,279.43,0.14,2015-03-20,2017-08-31,17,3,16.55,121,8,4750.36,2,4,5,11,Loyal Customers,Bart Watters,Corporate
BW-11200,6,1738.41,247.0,49,173.84,0.15,2014-08-12,2017-06-10,10,3,6.59,203,6,1738.41,2,3,2,7,At Risk,Ben Wallace,Consumer
CA-11965,6,3789.72,1143.38,29,378.97,0.11,2014-01-26,2017-09-25,10,3,28.16,96,6,3789.72,3,3,4,10,Loyal Customers,Carol Adams,Corporate
CA-12055,5,1679.72,211.26,49,167.97,0.3,2015-09-05,2016-11-24,10,3,-20.45,401,5,1679.72,1,2,2,5,Lost/Hibernating,Cathy Armstrong,Home Office
CA-12265,9,2648.29,279.62,65,155.78,0.19,2014-03-25,2017-11-04,17,3,-6.91,56,9,2648.29,3,5,3,11,Loyal Customers,Christina Anderson,Consumer
CA-12310,4,1421.95,246.02,25,129.27,0.12,2014-07-19,2017-12-17,11,3,15.46,13,4,1421.95,5,1,2,8,New Customers,Christine Abelman,Corporate
CA-12775,7,3041.57,204.49,72,178.92,0.19,2014-06-28,2017-09-01,17,3,12.57,120,7,3041.57,2,3,4,9,At Risk,Cynthia Arntzen,Consumer
CB-12025,10,6076.14,150.21,122,233.7,0.16,2014-03-21,2017-11-13,25,3,10.46,47,10,6076.14,4,5,5,14,Champions,Cassandra Brandow,Consumer
CB-12415,8,1949.2,272.39,44,162.43,0.33,2015-11-05,2017-12-04,12,3,-32.0,26,8,1949.2,5,4,3,12,Loyal Customers,Christy Brittain,Consumer
CB-12535,8,4246.46,1049.56,74,223.5,0.05,2015-01-02,2017-06-16,19,3,31.37,197,8,4246.46,2,4,4,10,Loyal Customers,Claudia Bergmann,Corporate
CC-12100,6,1770.94,208.59,46,136.23,0.22,2014-12-16,2016-09-29,13,3,2.71,457,6,1770.94,1,3,3,7,At Risk,Chad Cunningham,Home Office
CC-12145,7,2471.65,392.28,31,224.7,0.08,2014-07-20,2017-09-15,11,3,30.41,106,7,2471.65,2,3,3,8,At Risk,Charles Crestani,Consumer
CC-12220,12,3913.42,393.96,81,177.88,0.12,2014-09-09,2017-12-10,22,3,23.65,20,12,3913.42,5,5,4,14,Champions,Chris Cortes,Consumer
CC-12370,5,12129.07,2177.05,34,1102.64,0.28,2016-05-23,2017-11-17,11,3,-1.08,43,5,12129.07,4,2,5,11,Loyal Customers,Christopher Conant,Consumer
CC-12430,10,2870.05,424.66,63,151.06,0.06,2015-09-06,2017-12-30,18,3,29.77,0,10,2870.05,5,5,4,14,Champions,Chuck Clark,Home Office
CC-12475,9,1659.44,154.85,40,127.65,0.16,2014-05-16,2017-11-21,13,3,-0.01,39,9,1659.44,4,5,2,11,Loyal Customers,Cindy Chapman,Consumer
CC-12550,3,113.83,33.87,14,28.46,0.15,2017-06-15,2017-12-03,4,2,32.31,27,3,113.83,4,1,1,6,New Customers,Clay Cheatham,Consumer
CC-12610,7,2540.63,331.43,39,211.72,0.27,2014-08-27,2017-11-26,12,3,-17.09,34,7,2540.63,4,3,3,10,Loyal Customers,Corey Catlett,Corporate
CC-12670,7,2269.7,187.84,47,162.12,0.17,2014-12-23,2017-12-01,14,3,8.48,29,7,2269.7,4,3,3,10,Loyal Customers,Craig Carreira,Consumer
CC-12685,4,2854.12,850.16,51,237.84,0.25,2014-03-22,2015-10-23,12,2,-0.78,799,4,2854.12,1,1,4,6,Cant Lose Them,Craig Carroll,Consumer
CD-11920,5,2033.97,426.66,35,226.0,0.04,2014-03-24,2017-11-20,9,3,27.94,40,5,2033.97,4,2,3,9,New Customers,Carlos Daly,Consumer
CD-11980,3,639.77,-206.72,22,106.63,0.43,2016-11-24,2017-11-06,6,3,-67.58,54,3,639.77,3,1,1,5,Need Attention,Carol Darley,Consumer
CD-12280,2,1205.58,233.03,39,92.74,0.08,2017-11-05,2017-11-18,13,3,26.47,42,2,1205.58,4,1,2,7,New Customers,Christina DeMoss,Consumer
CD-12790,5,1860.73,403.84,49,124.05,0.03,2014-02-02,2016-11-26,15,3,35.7,399,5,1860.73,1,2,3,6,Cant Lose Them,Cynthia Delaney,Home Office
CG-12040,6,904.47,86.51,37,100.5,0.19,2015-06-01,2017-11-11,9,2,18.32,49,6,904.47,4,3,1,8,Potential Loyalists,Catherine Glotzbach,Home Office
CG-12520,3,1148.78,169.93,14,229.76,0.2,2015-10-15,2017-01-26,5,2,3.7,338,3,1148.78,1,1,2,4,Lost/Hibernating,Claire Gute,Consumer
CH-12070,3,1537.24,195.15,13,384.31,0.15,2015-06-25,2016-02-08,4,2,12.19,691,3,1537.24,1,1,2,4,Lost/Hibernating,Cathy Hwang,Home Office
CJ-11875,1,16.52,1.65,5,16.52,0.2,2016-12-30,2016-12-30,1,1,10.0,365,1,16.52,1,1,1,3,Lost/Hibernating,Carl Jackson,Corporate
CJ-12010,8,11164.97,858.74,83,558.25,0.19,2016-03-10,2017-06-24,20,3,8.62,189,8,11164.97,2,4,5,11,Loyal Customers,Caroline Jumper,Consumer
CK-12205,13,3154.86,141.28,122,98.59,0.23,2014-03-11,2017-11-21,32,3,6.44,39,13,3154.86,4,5,4,13,Champions,Chloris Kastensmidt,Consumer
CK-12325,5,2945.32,261.22,46,245.44,0.18,2014-03-14,2017-09-01,12,3,11.91,120,5,2945.32,2,2,4,8,Cant Lose Them,Christine Kargatis,Home Office
CK-12595,11,2372.75,497.71,108,94.91,0.18,2014-12-26,2017-11-17,24,3,8.67,43,11,2372.75,4,5,3,12,Loyal Customers,Clytie Kelty,Consumer
CK-12760,9,1582.11,-338.43,64,113.01,0.15,2014-02-07,2017-10-09,14,3,8.66,82,9,1582.11,3,5,2,10,Loyal Customers,Cyma Kinney,Corporate
CL-11890,4,1262.01,328.08,24,180.29,0.06,2014-07-26,2017-09-15,7,3,26.11,106,4,1262.01,2,1,2,5,Lost/Hibernating,Carl Ludwig,Consumer
CL-12565,12,10880.55,1933.78,106,388.59,0.11,2014-03-04,2017-03-21,28,3,24.48,284,12,10880.55,1,5,5,11,Loyal Customers,Clay Ludtke,Consumer
CL-12700,5,2353.59,229.01,34,294.2,0.19,2016-04-24,2017-09-16,8,3,11.69,105,5,2353.59,2,2,3,7,Cant Lose Them,Craig Leslie,Home Office
CM-11815,6,1673.89,214.46,38,167.39,0.12,2014-11-14,2017-08-21,10,3,23.32,131,6,1673.89,2,3,2,7,At Risk,Candace McMahon,Corporate
CM-11935,2,565.39,-43.73,18,141.35,0.2,2015-09-24,2016-01-22,4,3,15.62,708,2,565.39,1,1,1,3,Lost/Hibernating,Carlos Meador,Consumer
CM-12115,4,1661.61,409.07,35,237.37,0.03,2015-03-29,2017-12-22,7,3,31.39,8,4,1661.61,5,1,2,8,New Customers,Chad McGuire,Consumer
CM-12160,6,2533.31,-394.37,23,361.9,0.24,2016-10-21,2017-12-04,7,3,-15.17,26,6,2533.31,5,3,3,11,Loyal Customers,Charles McCrossin,Consumer
CM-12190,6,1475.14,91.2,21,210.73,0.07,2015-09-18,2017-12-22,7,3,9.89,8,6,1475.14,5,3,2,10,Loyal Customers,Charlotte Melton,Consumer
CM-12235,5,2305.71,365.04,28,288.21,0.08,2016-05-01,2016-12-10,8,3,33.91,385,5,2305.71,1,2,3,6,Cant Lose Them,Chris McAfee,Consumer
CM-12385,4,8954.02,3899.89,34,895.4,0.12,2015-03-16,2017-11-23,10,3,17.9,37,4,8954.02,4,1,5,10,Loyal Customers,Christopher Martinez,Consumer
CM-12445,3,287.99,64.43,32,32.0,0.08,2014-06-09,2016-10-20,9,2,26.75,436,3,287.99,1,1,1,3,Lost/Hibernating,Chuck Magee,Consumer
CM-12655,6,6339.56,1572.46,42,633.96,0.07,2015-03-19,2017-12-03,10,3,24.34,27,6,6339.56,4,3,5,12,Loyal Customers,Corinna Mitchell,Home Office
CM-12715,4,3984.45,176.31,57,306.5,0.31,2014-03-07,2015-03-01,13,3,-22.49,1035,4,3984.45,1,1,4,6,Cant Lose Them,Craig Molinari,Corporate
CP-12085,8,5402.25,427.03,57,385.88,0.14,2014-12-04,2017-10-09,14,3,14.45,82,8,5402.25,3,4,5,12,Loyal Customers,Cathy Prescott,Corporate
CP-12340,8,5888.28,-1850.3,59,392.55,0.21,2014-03-17,2017-07-23,15,3,1.31,160,8,5888.28,2,4,5,11,Loyal Customers,Christine Phan,Corporate
CR-12580,4,2148.85,74.4,32,358.14,0.13,2016-04-18,2017-11-03,6,3,20.46,57,4,2148.85,3,1,3,7,Need Attention,Clay Rozendal,Home Office
CR-12625,3,475.9,144.76,14,118.98,0.0,2014-06-01,2016-09-16,4,2,37.25,470,3,475.9,1,1,1,3,Lost/Hibernating,Corey Roper,Home Office
CR-12730,4,1600.55,306.92,18,266.76,0.27,2014-08-20,2017-10-13,6,2,4.01,78,4,1600.55,3,1,2,6,Need Attention,Craig Reiter,Consumer
CR-12820,3,1397.87,83.27,26,199.7,0.13,2015-01-24,2017-10-06,7,3,13.02,85,3,1397.87,3,1,2,6,Need Attention,Cyra Reiten,Home Office
CS-11845,5,1278.95,185.38,22,159.87,0.28,2014-12-14,2017-09-30,8,3,-15.59,91,5,1278.95,3,2,2,7,Need Attention,Cari Sayre,Corporate
CS-11860,6,537.63,105.83,16,76.8,0.23,2014-05-02,2017-07-21,7,2,3.21,162,6,537.63,2,3,1,6,At Risk,Cari Schnelling,Consumer
CS-11950,11,3036.55,-126.42,68,138.02,0.26,2014-06-08,2017-12-05,22,3,-10.5,25,11,3036.55,5,5,4,14,Champions,Carlos Soltero,Consumer
CS-12130,4,884.64,143.83,28,126.38,0.11,2014-08-05,2016-08-28,7,3,23.79,489,4,884.64,1,1,1,3,Lost/Hibernating,Chad Sievert,Consumer
CS-12175,5,844.46,113.14,30,105.56,0.16,2014-08-12,2017-05-12,8,2,12.27,232,5,844.46,1,2,1,4,Lost/Hibernating,Charles Sheldon,Corporate
CS-12250,12,2754.22,738.36,97,98.36,0.06,2014-01-13,2017-12-04,28,3,34.84,26,12,2754.22,5,5,4,14,Champions,Chris Selesnick,Corporate
CS-12355,11,3202.16,831.94,74,145.55,0.08,2014-08-15,2017-12-24,22,3,29.19,6,11,3202.16,5,5,4,14,Champions,Christine Sundaresam,Consumer
CS-12400,9,3651.86,-342.8,47,260.85,0.21,2014-09-26,2017-12-28,13,3,0.86,2,9,3651.86,5,5,4,14,Champions,Christopher Schild,Home Office
CS-12460,2,550.64,156.26,13,91.77,0.07,2017-07-03,2017-12-03,6,3,32.5,27,2,550.64,4,1,1,6,New Customers,Chuck Sachs,Consumer
CS-12490,4,1077.23,-302.88,33,119.69,0.25,2015-01-12,2016-11-01,9,3,2.75,424,4,1077.23,1,1,2,4,Lost/Hibernating,Cindy Schnelling,Corporate
CS-12505,6,5690.05,-6626.39,40,632.23,0.2,2014-03-26,2017-11-02,9,2,3.32,58,6,5690.05,3,3,5,11,Loyal Customers,Cindy Stewart,Consumer
CT-11995,8,3241.9,161.23,60,180.11,0.16,2014-05-07,2017-09-25,18,3,2.79,96,8,3241.9,3,4,4,11,Loyal Customers,Carol Triggs,Consumer
CV-12295,5,2830.63,493.09,54,217.74,0.08,2014-03-28,2017-04-20,13,3,29.69,254,5,2830.63,1,2,4,7,Cant Lose Them,Christina VanderZanden,Consumer
CV-12805,9,2370.31,99.0,62,124.75,0.24,2016-05-09,2017-12-25,19,3,-9.97,5,9,2370.31,5,5,3,13,Champions,Cynthia Voltz,Corporate
CW-11905,6,1136.59,370.83,40,103.33,0.09,2014-06-09,2017-12-08,11,2,29.45,22,6,1136.59,5,3,2,10,Loyal Customers,Carl Weiss,Home Office
CY-12745,8,2900.03,60.65,43,263.64,0.2,2014-12-12,2017-10-31,11,3,9.91,60,8,2900.03,3,4,4,11,Loyal Customers,Craig Yedwab,Corporate
Co-12640,5,1300.08,205.63,30,162.51,0.18,2014-06-20,2016-06-29,8,3,14.66,549,5,1300.08,1,2,2,5,Lost/Hibernating,Corey-Lock,Consumer
DA-13450,4,156.76,56.79,27,19.6,0.12,2014-04-25,2017-01-12,8,3,29.88,352,4,156.76,1,1,1,3,Lost/Hibernating,Dianna Arnett,Home Office
DB-12910,8,2171.6,431.37,47,180.97,0.15,2014-10-24,2017-12-09,12,3,16.96,21,8,2171.6,5,4,3,12,Loyal Customers,Daniel Byrd,Home Office
DB-12970,5,2839.23,213.0,43,202.8,0.17,2014-11-12,2017-05-03,14,3,13.34,241,5,2839.23,1,2,4,7,Cant Lose Them,Darren Budd,Corporate
DB-13060,7,4531.65,473.03,48,348.59,0.18,2014-03-01,2017-12-14,13,3,2.94,16,7,4531.65,5,3,5,13,Champions,Dave Brooks,Consumer
DB-13120,7,2973.09,-1421.77,59,212.36,0.14,2015-05-01,2017-11-12,14,3,15.27,48,7,2973.09,4,3,4,11,Loyal Customers,David Bremer,Corporate
DB-13210,10,2332.58,169.97,75,111.08,0.19,2015-03-22,2017-12-21,21,3,5.53,9,10,2332.58,5,5,3,13,Champions,Dean Braden,Consumer
DB-13270,8,4655.9,841.83,52,358.15,0.21,2014-02-04,2017-11-07,13,3,-6.39,53,8,4655.9,4,4,5,13,Champions,Deborah Brumfield,Home Office
DB-13360,5,1081.47,291.01,28,180.24,0.08,2014-11-19,2017-04-10,6,3,33.86,264,5,1081.47,1,2,2,5,Lost/Hibernating,Dennis Bolton,Home Office
DB-13405,4,1711.69,438.91,62,122.26,0.03,2015-08-08,2017-06-26,14,3,30.02,187,4,1711.69,2,1,2,5,Lost/Hibernating,Denny Blanton,Consumer
DB-13555,7,3908.8,109.33,61,279.2,0.15,2014-04-21,2017-09-14,14,3,9.6,107,7,3908.8,2,3,4,9,At Risk,Dorothy Badders,Corporate
DB-13615,7,1989.05,438.8,41,180.82,0.15,2014-09-30,2017-11-27,11,2,24.18,33,7,1989.05,4,3,3,10,Loyal Customers,Doug Bickford,Consumer
DB-13660,7,1155.2,177.67,33,115.52,0.16,2014-06-17,2017-12-18,10,3,11.72,12,7,1155.2,5,3,2,10,Loyal Customers,Duane Benoit,Consumer
DC-12850,9,3336.17,-1441.63,64,185.34,0.21,2014-07-05,2017-11-23,18,3,4.75,37,9,3336.17,4,5,4,13,Champions,Dan Campbell,Consumer
DC-13285,5,1174.62,132.07,37,167.8,0.08,2014-12-29,2017-12-07,7,3,16.68,23,5,1174.62,5,2,2,9,New Customers,Debra Catini,Consumer
DD-13570,6,269.54,36.43,33,29.95,0.24,2014-03-31,2017-11-19,9,2,-15.06,41,6,269.54,4,3,1,8,Potential Loyalists,Dorothy Dickinson,Consumer
DE-13255,5,2550.87,464.47,38,283.43,0.11,2014-08-22,2016-01-11,9,3,21.49,719,5,2550.87,1,2,3,6,Cant Lose Them,Deanra Eno,Home Office
DF-13135,3,2390.53,-259.31,23,398.42,0.28,2014-10-04,2016-01-30,6,3,-17.42,700,3,2390.53,1,1,3,5,Cant Lose Them,David Flashing,Consumer
DG-13300,5,3195.82,562.78,39,399.48,0.1,2014-11-01,2017-11-28,8,3,22.59,32,5,3195.82,4,2,4,10,Loyal Customers,Deirdre Greer,Corporate
DH-13075,6,4932.87,1193.74,81,214.47,0.08,2014-11-21,2017-03-28,23,3,18.63,277,6,4932.87,1,3,5,9,At Risk,Dave Hallsten,Corporate
DH-13675,4,1043.1,116.67,41,94.83,0.12,2014-08-12,2015-11-15,11,3,17.67,776,4,1043.1,1,1,2,4,Lost/Hibernating,Duane Huffman,Home Office
DJ-13420,4,2012.52,483.04,20,402.5,0.0,2014-12-08,2016-04-02,5,2,29.8,637,4,2012.52,1,1,3,5,Cant Lose Them,Denny Joy,Corporate
DJ-13510,8,2501.69,345.25,52,192.44,0.07,2014-08-17,2017-11-12,13,3,28.34,48,8,2501.69,4,4,3,11,Loyal Customers,Don Jones,Corporate
DJ-13630,3,3356.4,731.56,43,419.55,0.06,2015-12-14,2017-12-18,8,3,25.62,12,3,3356.4,5,1,4,10,Loyal Customers,Doug Jacobs,Consumer
DK-12835,12,3256.48,881.12,86,120.61,0.18,2014-03-26,2017-12-09,27,3,16.05,21,12,3256.48,5,5,4,14,Champions,Damala Kotsonis,Corporate
DK-12895,5,4282.18,937.65,65,285.48,0.08,2015-03-08,2017-11-15,15,3,23.38,45,5,4282.18,4,2,4,10,Loyal Customers,Dana Kaydos,Consumer
DK-12985,5,1687.04,-107.35,32,210.88,0.16,2014-11-24,2017-12-23,8,2,5.34,7,5,1687.04,5,2,2,9,New Customers,Darren Koutras,Consumer
DK-13090,7,2650.56,536.39,33,203.89,0.14,2015-03-02,2017-11-18,13,3,18.99,42,7,2650.56,4,3,3,10,Loyal Customers,Dave Kipp,Consumer
DK-13150,2,797.83,249.94,20,159.57,0.12,2014-12-05,2017-12-20,5,2,31.85,10,2,797.83,5,1,1,7,New Customers,David Kendrick,Corporate
DK-13225,9,4802.39,209.9,70,252.76,0.19,2014-03-14,2017-12-20,19,3,5.31,10,9,4802.39,5,5,5,15,Champions,Dean Katz,Corporate
DK-13375,8,3318.49,377.08,77,144.28,0.11,2014-09-07,2017-12-11,23,3,10.53,19,8,3318.49,5,4,4,13,Champions,Dennis Kane,Consumer
DL-12865,8,1503.11,322.24,51,107.37,0.15,2014-06-29,2017-09-21,14,3,22.29,100,8,1503.11,3,4,2,9,Potential Loyalists,Dan Lawera,Consumer
DL-12925,6,3272.2,4.21,43,233.73,0.04,2014-09-09,2017-11-03,14,3,28.14,57,6,3272.2,3,3,4,10,Loyal Customers,Daniel Lacy,Consumer
DL-13315,8,1458.26,288.87,74,85.78,0.18,2014-01-16,2017-12-08,17,3,9.07,22,8,1458.26,5,4,2,11,Loyal Customers,Delfina Latchford,Consumer
DL-13330,4,585.02,222.68,32,73.13,0.05,2014-06-23,2017-11-03,8,3,30.5,57,4,585.02,3,1,1,5,Need Attention,Denise Leinenbach,Consumer
DL-13495,8,3539.32,-52.79,33,294.94,0.05,2015-12-25,2017-10-15,12,3,27.65,76,8,3539.32,3,4,4,11,Loyal Customers,Dionis Lloyd,Corporate
DM-12955,7,1322.03,108.76,28,146.89,0.17,2014-09-30,2017-09-07,9,2,15.67,114,7,1322.03,2,3,2,7,At Risk,Dario Medina,Corporate
DM-13015,7,6345.1,1677.39,87,317.26,0.23,2014-09-14,2017-11-03,19,3,4.53,57,7,6345.1,3,3,5,11,Loyal Customers,Darrin Martin,Consumer
DM-13345,8,4074.47,1319.06,41,313.42,0.1,2014-11-03,2017-12-08,13,3,24.81,22,8,4074.47,5,4,4,13,Champions,Denise Monton,Corporate
DM-13525,3,1376.79,199.77,33,137.68,0.17,2014-07-05,2016-09-05,10,3,14.4,481,3,1376.79,1,1,2,4,Lost/Hibernating,Don Miller,Corporate
DN-13690,7,2139.79,540.54,41,194.53,0.02,2014-09-20,2017-05-27,11,3,29.89,217,7,2139.79,2,3,3,8,At Risk,Duane Noonan,Consumer
DO-13435,9,1300.03,-38.91,48,100.0,0.16,2014-10-03,2017-08-19,13,3,16.42,133,9,1300.03,2,5,2,9,At Risk,Denny Ordway,Consumer
DO-13645,7,1267.32,294.07,36,115.21,0.09,2015-11-07,2017-12-04,10,3,26.68,26,7,1267.32,5,3,2,10,Loyal Customers,Doug O'Connell,Consumer
DP-13000,9,1050.64,241.45,58,61.8,0.21,2014-01-03,2017-08-26,17,3,13.15,126,9,1050.64,2,5,2,9,At Risk,Darren Powers,Consumer
DP-13105,8,2215.0,563.18,63,158.21,0.11,2015-08-22,2017-12-24,14,3,26.86,6,8,2215.0,5,4,3,12,Loyal Customers,Dave Poirier,Corporate
DP-13165,2,1058.62,-40.94,20,264.65,0.15,2014-12-02,2015-10-10,4,3,19.44,812,2,1058.62,1,1,2,4,Lost/Hibernating,David Philippe,Consumer
DP-13390,9,5480.72,1571.83,50,391.48,0.19,2014-07-05,2017-01-06,14,2,2.34,358,9,5480.72,1,5,5,11,Loyal Customers,Dennis Pardue,Home Office
DR-12880,9,6528.03,1641.86,103,272.0,0.13,2015-09-25,2017-12-27,24,3,18.25,3,9,6528.03,5,5,5,15,Champions,Dan Reichenbach,Corporate
DR-12940,8,8350.87,2869.08,57,642.37,0.15,2014-03-28,2017-11-10,13,3,3.91,50,8,8350.87,4,4,5,13,Champions,Daniel Raglin,Home Office
DS-13030,4,1762.21,193.33,54,92.75,0.14,2014-07-09,2017-09-28,19,3,17.13,93,4,1762.21,3,1,3,7,Need Attention,Darrin Sayre,Home Office
DS-13180,9,2881.81,163.7,68,144.09,0.15,2014-04-28,2017-12-07,20,3,10.02,23,9,2881.81,5,5,4,14,Champions,David Smith,Corporate
DV-13045,5,1119.48,-427.18,28,124.39,0.17,2016-06-12,2017-12-11,9,3,8.52,19,5,1119.48,5,2,2,9,New Customers,Darrin Van Huff,Corporate
DV-13465,6,3341.59,353.21,62,222.77,0.11,2014-06-22,2017-12-01,15,2,15.42,29,6,3341.59,4,3,4,11,Loyal Customers,Dianna Vittorini,Consumer
DW-13195,6,1080.75,-86.87,39,120.08,0.24,2014-01-18,2017-10-22,9,3,1.16,69,6,1080.75,3,3,2,8,Potential Loyalists,David Wiener,Corporate
DW-13480,5,5271.63,1348.76,38,479.24,0.04,2014-06-01,2017-05-27,11,3,29.57,217,5,5271.63,2,2,5,9,Cant Lose Them,Dianna Wilson,Home Office
DW-13540,5,344.08,69.67,21,38.23,0.18,2016-02-27,2017-09-23,9,2,18.17,98,5,344.08,3,2,1,6,Need Attention,Don Weiss,Consumer
DW-13585,7,1204.85,-266.9,44,120.49,0.17,2014-08-24,2017-05-02,10,3,12.28,242,7,1204.85,1,3,2,6,At Risk,Dorothy Wardle,Corporate
Dl-13600,5,755.6,175.24,19,125.93,0.22,2014-03-30,2017-09-02,6,2,-23.38,119,5,755.6,2,2,1,5,Lost/Hibernating,Dorris liebe,Corporate
Dp-13240,11,7198.76,333.36,99,248.23,0.19,2014-05-26,2017-10-07,29,3,10.04,84,11,7198.76,3,5,5,13,Champions,Dean percer,Home Office
EA-14035,13,2846.7,-52.74,87,113.87,0.3,2014-09-13,2017-07-31,24,3,-5.99,152,13,2846.7,2,5,4,11,Loyal Customers,Erin Ashbrook,Corporate
EB-13705,9,3644.98,13.62,55,303.75,0.26,2014-07-08,2017-11-12,12,3,7.94,48,9,3644.98,4,5,4,13,Champions,Ed Braxton,Corporate
EB-13750,10,3236.31,-80.29,91,161.82,0.14,2015-03-12,2017-11-25,20,3,11.76,35,10,3236.31,4,5,4,13,Champions,Edward Becker,Corporate
EB-13840,5,4358.13,656.2,41,544.77,0.12,2014-05-30,2017-10-01,8,2,18.59,90,5,4358.13,3,2,5,10,Loyal Customers,Ellis Ballard,Corporate
EB-13870,10,2767.22,261.53,41,251.57,0.29,2014-05-05,2017-09-21,11,3,-12.64,100,10,2767.22,3,5,4,12,Loyal Customers,Emily Burns,Consumer
EB-13930,5,944.6,0.6,24,134.94,0.17,2014-02-02,2017-07-22,7,3,11.22,161,5,944.6,2,2,1,5,Lost/Hibernating,Eric Barreto,Consumer
EB-13975,4,1643.26,162.88,18,273.88,0.28,2016-01-04,2017-12-30,6,2,-0.9,0,4,1643.26,5,1,2,8,New Customers,Erica Bern,Corporate
EB-14110,6,3071.13,184.77,30,279.19,0.21,2015-04-13,2017-09-08,11,3,11.59,113,6,3071.13,2,3,4,9,At Risk,Eugene Barchas,Consumer
EB-14170,6,1186.33,282.17,20,169.48,0.23,2014-09-29,2017-10-09,7,2,22.89,82,6,1186.33,3,3,2,8,Potential Loyalists,Evan Bailliet,Consumer
EC-14050,5,461.91,96.43,37,65.99,0.1,2014-12-17,2017-11-07,7,3,19.24,53,5,461.91,4,2,1,7,New Customers,Erin Creighton,Consumer
ED-13885,8,3484.92,670.44,54,248.92,0.21,2014-08-09,2017-08-17,14,3,-8.09,135,8,3484.92,2,4,4,10,Loyal Customers,Emily Ducich,Home Office
EG-13900,5,1832.02,104.27,44,203.56,0.2,2015-11-02,2017-12-08,9,3,-3.29,22,5,1832.02,5,2,3,10,Loyal Customers,Emily Grady,Consumer
EH-13765,12,10310.88,1393.52,120,322.22,0.07,2014-04-12,2017-08-17,32,2,29.42,135,12,10310.88,2,5,5,12,Loyal Customers,Edward Hooks,Corporate
EH-13945,8,684.17,53.54,72,40.25,0.29,2014-07-02,2017-05-27,17,3,-8.6,217,8,684.17,2,4,1,7,At Risk,Eric Hoffmann,Consumer
EH-13990,6,825.95,150.38,20,103.24,0.06,2014-01-15,2016-11-20,8,3,28.68,405,6,825.95,1,3,1,5,At Risk,Erica Hackney,Consumer
EH-14005,7,1219.53,-94.14,50,110.87,0.17,2014-05-13,2017-12-28,11,3,20.27,2,7,1219.53,5,3,2,10,Loyal Customers,Erica Hernandez,Home Office
EH-14125,10,3082.65,96.27,76,171.26,0.21,2014-10-19,2017-07-31,18,3,4.06,152,10,3082.65,2,5,4,11,Loyal Customers,Eugene Hildebrand,Home Office
EH-14185,6,923.88,242.11,22,115.49,0.29,2014-05-22,2017-09-16,8,2,-9.78,105,6,923.88,2,3,1,6,At Risk,Evan Henry,Consumer
EJ-13720,4,2162.17,387.02,31,270.27,0.18,2014-01-27,2017-03-03,8,3,-1.09,302,4,2162.17,1,1,3,5,Cant Lose Them,Ed Jacobs,Consumer
EJ-14155,5,2656.69,451.88,31,332.09,0.06,2014-03-03,2017-11-03,8,3,23.17,57,5,2656.69,3,2,3,8,Need Attention,Eva Jacobs,Consumer
EK-13795,4,1303.48,97.11,18,325.87,0.09,2014-03-18,2017-11-16,4,3,19.66,44,4,1303.48,4,1,2,7,New Customers,Eileen Kiefer,Home Office
EL-13735,2,124.28,27.12,9,62.14,0.0,2016-04-22,2017-10-14,2,2,29.5,77,2,124.28,3,1,1,5,Need Attention,Ed Ludwig,Home Office
EM-13810,5,2567.01,-133.83,23,366.72,0.14,2015-06-07,2017-08-20,7,3,15.76,132,5,2567.01,2,2,3,7,Cant Lose Them,Eleni McCrary,Corporate
EM-13825,8,2339.6,682.55,57,146.22,0.06,2014-12-02,2017-11-05,16,3,29.28,55,8,2339.6,3,4,3,10,Loyal Customers,Elizabeth Moffitt,Corporate
EM-13960,5,933.7,102.3,18,155.62,0.23,2015-10-01,2017-08-01,5,2,-13.71,151,5,933.7,2,2,1,5,Lost/Hibernating,Eric Murdock,Consumer
EM-14065,4,228.99,40.15,22,38.16,0.25,2014-07-22,2017-11-13,6,3,-0.93,47,4,228.99,4,1,1,6,New Customers,Erin Mull,Consumer
EM-14095,4,1041.04,240.24,34,104.1,0.1,2015-08-07,2017-09-08,10,2,27.78,113,4,1041.04,2,1,2,5,Lost/Hibernating,Eudokia Martin,Corporate
EM-14140,6,4588.44,1319.37,74,218.5,0.07,2014-07-19,2017-11-12,21,3,31.08,48,6,4588.44,4,3,5,12,Loyal Customers,Eugene Moren,Home Office
EM-14200,3,366.82,21.77,13,91.71,0.12,2015-12-20,2017-07-25,4,3,26.58,158,3,366.82,2,1,1,4,Lost/Hibernating,Evan Minnotte,Home Office
EN-13780,4,2199.37,496.11,27,244.37,0.04,2015-05-30,2017-03-18,9,3,24.47,287,4,2199.37,1,1,3,5,Cant Lose Them,Edward Nazzal,Consumer
EP-13915,17,5478.06,144.96,124,176.71,0.2,2014-07-06,2017-12-18,30,3,3.02,12,17,5478.06,5,5,5,15,Champions,Emily Phan,Consumer
ER-13855,3,1245.79,-295.74,27,249.16,0.2,2015-12-21,2016-11-04,5,2,-1.37,421,3,1245.79,1,1,2,4,Lost/Hibernating,Elpida Rittenbach,Corporate
ES-14020,5,3510.46,1003.29,31,438.81,0.12,2014-09-20,2017-11-20,8,3,23.28,40,5,3510.46,4,2,4,10,Loyal Customers,Erica Smith,Consumer
ES-14080,9,4657.92,246.67,77,232.9,0.26,2014-10-02,2017-12-02,20,3,1.7,28,9,4657.92,4,5,5,14,Champions,Erin Smith,Corporate
FA-14230,7,2984.05,520.52,58,175.53,0.26,2014-09-19,2017-09-24,17,3,7.24,97,7,2984.05,3,3,4,10,Loyal Customers,Frank Atkinson,Corporate
FC-14245,7,3418.74,1217.17,50,244.2,0.14,2015-06-13,2017-10-21,14,3,20.09,70,7,3418.74,3,3,4,10,Loyal Customers,Frank Carlisle,Home Office
FC-14335,7,3889.37,714.29,37,388.94,0.16,2014-10-10,2017-06-29,10,3,21.08,184,7,3889.37,2,3,4,9,At Risk,Fred Chung,Corporate
FG-14260,7,1383.14,394.74,48,125.74,0.12,2014-05-21,2017-11-26,11,2,20.64,34,7,1383.14,4,3,2,9,Potential Loyalists,Frank Gastineau,Home Office
FH-14275,10,4256.27,1073.27,65,202.68,0.13,2014-04-06,2017-11-23,21,3,23.74,37,10,4256.27,4,5,4,13,Champions,Frank Hawley,Corporate
FH-14350,4,2271.28,706.29,52,162.23,0.11,2015-08-23,2017-06-01,14,3,21.92,212,4,2271.28,2,1,3,6,Cant Lose Them,Fred Harton,Consumer
FH-14365,8,6987.2,2050.28,52,537.48,0.14,2014-10-20,2017-12-25,13,3,14.44,5,8,6987.2,5,4,5,14,Champions,Fred Hopkins,Corporate
FM-14215,10,2456.64,249.68,48,163.78,0.09,2014-03-11,2017-12-23,15,3,23.52,7,10,2456.64,5,5,3,13,Champions,Filia McAdams,Corporate
FM-14290,9,3736.2,198.11,79,186.81,0.18,2014-08-26,2017-11-24,20,2,-1.24,36,9,3736.2,4,5,4,13,Champions,Frank Merwin,Home Office
FM-14380,9,2523.27,191.49,53,180.23,0.16,2015-07-12,2017-08-07,14,3,9.07,145,9,2523.27,2,5,3,10,Loyal Customers,Fred McMath,Consumer
FO-14305,10,2678.44,215.6,60,178.56,0.22,2014-06-09,2017-11-22,14,3,-3.68,38,10,2678.44,4,5,3,12,Loyal Customers,Frank Olsen,Consumer
FP-14320,8,4046.75,406.45,54,289.05,0.14,2014-12-07,2017-12-07,14,3,21.96,23,8,4046.75,5,4,4,13,Champions,Frank Preis,Consumer
FW-14395,3,79.75,23.49,9,26.58,0.0,2015-03-22,2017-01-02,3,2,30.33,362,3,79.75,1,1,1,3,Lost/Hibernating,Fred Wasserman,Corporate
GA-14515,8,3919.78,840.9,48,279.98,0.06,2014-05-18,2017-08-03,14,3,30.87,149,8,3919.78,2,4,4,10,Loyal Customers,George Ashbrook,Consumer
GA-14725,11,1398.38,136.71,79,63.56,0.18,2014-02-11,2017-12-25,22,3,2.2,5,11,1398.38,5,5,2,12,Loyal Customers,Guy Armstrong,Consumer
GB-14530,11,1568.44,7.84,62,78.42,0.17,2014-04-28,2017-10-29,19,3,11.31,62,11,1568.44,3,5,2,10,Loyal Customers,George Bell,Corporate
GB-14575,5,4716.29,1135.84,63,294.77,0.04,2015-06-12,2017-12-17,16,3,31.78,13,5,4716.29,5,2,5,12,Loyal Customers,Giulietta Baptist,Consumer
GD-14590,4,1888.07,230.94,25,314.68,0.13,2014-05-05,2017-12-25,6,2,28.47,5,4,1888.07,5,1,3,9,New Customers,Giulietta Dortch,Corporate
GG-14650,9,2224.0,12.7,92,92.67,0.15,2014-10-31,2017-11-17,24,3,15.92,43,9,2224.0,4,5,3,12,Loyal Customers,Greg Guthrie,Corporate
GH-14410,9,2819.47,-576.83,65,165.85,0.27,2014-07-09,2017-10-16,17,3,-16.48,75,9,2819.47,3,5,4,12,Loyal Customers,Gary Hansen,Home Office
GH-14425,4,4172.85,1176.42,51,417.28,0.19,2014-06-17,2017-11-10,10,3,16.98,50,4,4172.85,4,1,4,9,New Customers,Gary Hwang,Consumer
GH-14485,2,1361.24,-95.45,15,453.75,0.47,2015-10-08,2016-12-08,3,2,-54.58,387,2,1361.24,1,1,2,4,Lost/Hibernating,Gene Hale,Corporate
GH-14665,2,146.94,-5.81,9,48.98,0.24,2015-11-17,2017-12-28,3,2,0.93,2,2,146.94,5,1,1,7,New Customers,Greg Hansen,Consumer
GK-14620,9,6497.27,1448.55,66,464.09,0.16,2014-06-25,2017-09-09,14,3,22.44,112,9,6497.27,2,5,5,12,Loyal Customers,Grace Kelly,Corporate
GM-14440,7,3582.82,347.27,43,325.71,0.12,2014-03-21,2017-10-08,11,3,15.82,83,7,3582.82,3,3,4,10,Loyal Customers,Gary McGarr,Consumer
GM-14455,6,3078.62,793.28,54,256.55,0.17,2014-04-11,2017-12-14,12,3,17.04,16,6,3078.62,5,3,4,12,Loyal Customers,Gary Mitchum,Home Office
GM-14500,10,1255.68,441.32,53,96.59,0.12,2014-08-09,2017-09-15,13,3,29.12,106,10,1255.68,2,5,2,9,At Risk,Gene McClure,Consumer
GM-14680,6,3163.63,35.49,31,287.6,0.15,2014-05-10,2017-07-31,11,3,14.95,152,6,3163.63,2,3,4,9,At Risk,Greg Matthias,Consumer
GM-14695,3,6049.97,188.72,44,550.0,0.05,2014-04-05,2017-09-04,11,3,29.23,117,3,6049.97,2,1,5,8,Cant Lose Them,Greg Maxwell,Corporate
GP-14740,2,236.53,31.84,21,47.31,0.14,2014-04-06,2015-11-26,5,1,17.6,765,2,236.53,1,1,1,3,Lost/Hibernating,Guy Phonely,Corporate
GR-14560,2,1284.38,359.83,23,256.88,0.0,2014-11-19,2014-11-21,5,2,42.6,1135,2,1284.38,1,1,2,4,Lost/Hibernating,Georgia Rosenberg,Corporate
GT-14635,3,9351.21,-4108.66,26,1558.54,0.25,2014-06-06,2017-11-04,6,3,3.42,56,3,9351.21,3,1,5,9,Need Attention,Grant Thornton,Corporate
GT-14710,11,11820.12,2163.43,106,407.59,0.1,2014-05-23,2017-11-24,28,3,28.56,36,11,11820.12,4,5,5,14,Champions,Greg Tran,Consumer
GT-14755,4,226.44,-6.14,23,32.35,0.2,2015-02-18,2017-11-26,7,2,-3.07,34,4,226.44,4,1,1,6,New Customers,Guy Thornton,Consumer
GW-14605,7,2189.02,-268.54,43,243.22,0.16,2014-03-01,2017-12-02,9,3,6.75,28,7,2189.02,4,3,3,10,Loyal Customers,Giulietta Weimer,Consumer
GZ-14470,9,4355.15,1087.75,48,311.08,0.08,2014-08-05,2017-12-23,14,3,29.5,7,9,4355.15,5,5,5,15,Champions,Gary Zandusky,Consumer
GZ-14545,4,2454.62,828.66,25,490.92,0.04,2014-09-28,2017-07-26,5,3,27.1,157,4,2454.62,2,1,3,6,Cant Lose Them,George Zrebassa,Corporate
HA-14905,7,2163.3,270.86,45,216.33,0.23,2014-06-30,2017-10-22,10,3,0.81,69,7,2163.3,3,3,3,9,Potential Loyalists,Helen Abelman,Consumer
HA-14920,8,2584.16,99.14,72,143.56,0.2,2014-10-11,2017-12-10,18,3,5.5,20,8,2584.16,5,4,3,12,Loyal Customers,Helen Andreada,Consumer
HD-14785,3,251.36,-135.88,31,35.91,0.3,2014-05-11,2015-11-22,7,1,-10.81,769,3,251.36,1,1,1,3,Lost/Hibernating,Harold Dahlen,Home Office
HE-14800,4,883.53,274.4,44,80.32,0.02,2016-01-30,2017-12-18,10,3,32.98,12,4,883.53,5,1,1,7,New Customers,Harold Engle,Corporate
HF-14995,7,2533.16,-13.88,70,133.32,0.13,2014-05-26,2017-12-09,19,3,18.95,21,7,2533.16,5,4,3,12,Loyal Customers,Herbert Flentye,Consumer
HG-14845,5,785.63,147.0,31,78.56,0.19,2014-04-29,2017-11-06,10,2,18.04,54,5,785.63,3,2,1,6,Need Attention,Harry Greene,Consumer
HG-14965,12,3247.64,-2797.96,68,191.04,0.17,2014-09-20,2017-12-07,17,3,-0.53,23,12,3247.64,5,5,4,14,Champions,Henry Goldwyn,Corporate
HG-15025,7,3690.28,804.61,38,335.48,0.17,2014-10-14,2017-12-24,11,3,-0.02,6,7,3690.28,5,4,4,13,Champions,Hunter Glantz,Consumer
HH-15010,2,218.67,86.73,20,36.44,0.03,2014-08-29,2017-10-19,6,2,35.54,72,2,218.67,3,1,1,5,Need Attention,Hilary Holden,Corporate
HJ-14875,5,358.1,98.65,21,59.68,0.1,2015-04-13,2017-08-26,6,2,29.67,126,5,358.1,2,2,1,5,Lost/Hibernating,Heather Jas,Home Office
HK-14890,8,4877.78,956.95,64,325.19,0.21,2014-06-10,2017-08-01,15,3,-0.98,151,8,4877.78,2,4,5,11,Loyal Customers,Heather Kirkland,Corporate
HL-15040,6,12873.3,5622.43,50,1170.3,0.02,2014-01-20,2017-11-17,11,3,31.41,43,6,12873.3,4,3,5,12,Loyal Customers,Hunter Lopez,Consumer
HM-14860,10,8236.76,2437.98,76,411.84,0.23,2014-07-21,2017-12-28,20,3,-8.98,2,10,8236.76,5,5,5,15,Champions,Harry Marie,Corporate
HM-14980,4,736.28,117.28,29,105.18,0.17,2015-10-02,2017-04-27,7,3,23.82,247,4,736.28,1,1,1,3,Lost/Hibernating,Henry MacAllister,Consumer
HP-14815,7,1990.31,373.86,44,199.03,0.3,2014-05-06,2017-11-30,10,3,-17.85,30,7,1990.31,4,4,3,11,Loyal Customers,Harold Pawlan,Home Office
HR-14770,5,1299.29,185.58,38,99.95,0.05,2014-03-01,2017-12-17,13,3,23.5,13,5,1299.29,5,2,2,9,New Customers,Hallie Redmond,Home Office
HR-14830,7,5248.79,1196.95,51,374.91,0.1,2014-11-24,2017-07-24,14,3,22.26,159,7,5248.79,2,4,5,11,Loyal Customers,Harold Ryan,Corporate
HW-14935,8,9300.25,2164.16,85,465.01,0.04,2015-09-27,2017-09-04,20,3,25.36,117,8,9300.25,2,4,5,11,Loyal Customers,Helen Wasserman,Corporate
HZ-14950,5,886.52,-130.39,21,147.75,0.2,2016-03-14,2017-11-25,6,3,1.5,35,5,886.52,4,2,1,7,New Customers,Henia Zydlo,Consumer
IG-15085,4,744.57,320.5,19,106.37,0.03,2014-10-18,2017-10-20,7,1,42.0,71,4,744.57,3,1,1,5,Need Attention,Ivan Gibson,Consumer
IL-15100,7,5040.74,1121.94,60,360.05,0.07,2014-08-01,2017-08-10,14,3,28.04,142,7,5040.74,2,4,5,11,Loyal Customers,Ivan Liston,Consumer
IM-15055,3,2872.63,975.77,19,718.16,0.1,2014-01-23,2016-11-16,4,3,37.88,409,3,2872.63,1,1,4,6,Cant Lose Them,Ionia McGrath,Consumer
IM-15070,7,4930.47,514.65,93,234.78,0.17,2014-12-19,2016-12-05,21,3,6.24,390,7,4930.47,1,4,5,10,Loyal Customers,Irene Maddox,Consumer
JA-15970,8,6491.03,-819.42,87,270.46,0.21,2014-09-17,2017-09-29,24,3,9.43,92,8,6491.03,3,4,5,12,Loyal Customers,Joseph Airdo,Consumer
JB-15400,10,1791.6,156.05,43,111.98,0.21,2014-09-14,2017-12-23,16,3,-5.81,7,10,1791.6,5,5,3,13,Champions,Jennifer Braxton,Corporate
JB-15925,3,900.55,-286.98,32,112.57,0.3,2014-12-05,2015-12-24,8,3,1.59,737,3,900.55,1,1,1,3,Lost/Hibernating,Joni Blumstein,Consumer
JB-16000,7,644.12,126.76,32,92.02,0.07,2016-01-10,2017-11-17,7,2,35.48,43,7,644.12,4,4,1,9,Potential Loyalists,Joy Bell-,Consumer
JB-16045,5,2518.11,201.52,32,279.79,0.19,2015-05-03,2017-12-23,9,3,6.8,7,5,2518.11,5,2,3,10,Loyal Customers,Julia Barnett,Home Office
JC-15340,4,71.26,-0.36,12,17.82,0.22,2014-01-28,2017-09-07,4,2,-1.23,114,4,71.26,2,1,1,4,Lost/Hibernating,Jasper Cacioppo,Consumer
JC-15385,1,1058.11,502.92,14,264.53,0.05,2017-07-08,2017-07-08,4,3,38.44,175,1,1058.11,2,1,2,5,Lost/Hibernating,Jenna Caffey,Consumer
JC-15775,9,2772.06,279.57,64,173.25,0.12,2014-09-14,2017-07-25,16,3,22.36,158,9,2772.06,2,5,4,11,Loyal Customers,John Castell,Consumer
JC-16105,5,858.58,201.6,43,95.4,0.04,2014-11-18,2017-11-03,9,3,33.5,57,5,858.58,3,2,1,6,Need Attention,Julie Creighton,Corporate
JD-15790,5,2152.35,-266.55,26,307.48,0.17,2015-04-02,2017-09-04,7,3,17.82,117,5,2152.35,2,2,3,7,Cant Lose Them,John Dryer,Consumer
JD-15895,11,7610.86,1050.27,150,237.84,0.08,2014-03-26,2016-12-01,32,3,25.16,394,11,7610.86,1,5,5,11,Loyal Customers,Jonathan Doherty,Corporate
JD-16015,6,385.43,26.76,39,35.04,0.31,2014-10-04,2017-09-09,11,2,-15.83,112,6,385.43,2,3,1,6,At Risk,Joy Daniels,Consumer
JD-16060,3,695.44,111.11,17,115.91,0.05,2014-09-24,2017-03-05,6,2,22.14,300,3,695.44,1,1,1,3,Lost/Hibernating,Julia Dunbar,Consumer
JD-16150,8,8828.03,1619.52,60,519.3,0.06,2014-11-16,2017-11-19,17,3,17.9,41,8,8828.03,4,4,5,13,Champions,Justin Deggeller,Corporate
JE-15475,6,1388.68,276.22,49,106.82,0.18,2015-03-16,2017-06-20,13,3,-1.88,193,6,1388.68,2,3,2,7,At Risk,Jeremy Ellison,Consumer
JE-15610,7,7754.98,1623.4,74,387.75,0.16,2014-10-14,2017-11-12,20,3,12.96,48,7,7754.98,4,4,5,13,Champions,Jim Epp,Corporate
JE-15715,10,8697.84,1262.29,97,395.36,0.32,2014-08-25,2017-11-14,21,3,-17.29,46,10,8697.84,4,5,5,14,Champions,Joe Elijah,Consumer
JE-15745,13,6760.82,221.8,90,293.95,0.15,2014-06-22,2017-11-09,22,3,-0.97,51,13,6760.82,4,5,5,14,Champions,Joel Eaton,Consumer
JE-16165,3,2697.25,789.65,34,385.32,0.03,2016-12-05,2017-12-10,7,3,31.61,20,3,2697.25,5,1,3,9,New Customers,Justin Ellison,Corporate
JF-15190,7,2279.59,575.13,72,119.98,0.12,2014-11-15,2017-10-26,19,3,22.54,65,7,2279.59,3,4,3,10,Loyal Customers,Jamie Frazer,Consumer
JF-15295,5,955.12,97.29,42,68.22,0.11,2014-03-14,2017-05-19,14,3,22.05,225,5,955.12,1,2,1,4,Lost/Hibernating,Jason Fortune-,Consumer
JF-15355,6,1911.84,330.2,58,119.49,0.08,2015-10-23,2017-09-16,16,3,33.3,105,6,1911.84,2,3,3,8,At Risk,Jay Fein,Consumer
JF-15415,6,2371.45,635.64,69,169.39,0.07,2014-06-17,2017-12-28,14,3,29.84,2,6,2371.45,5,3,3,11,Loyal Customers,Jennifer Ferguson,Consumer
JF-15490,11,1082.92,-18.07,36,72.19,0.15,2014-10-19,2017-08-31,15,3,13.12,121,11,1082.92,2,5,2,9,At Risk,Jeremy Farry,Consumer
JF-15565,8,4198.33,1073.21,67,262.4,0.18,2014-10-11,2017-11-06,16,3,16.19,54,8,4198.33,3,4,4,11,Loyal Customers,Jill Fjeld,Consumer
JG-15115,3,2358.68,684.19,20,336.95,0.24,2014-09-21,2015-12-03,7,3,4.62,758,3,2358.68,1,1,3,5,Cant Lose Them,Jack Garza,Consumer
JG-15160,11,6366.39,1415.67,70,353.69,0.11,2014-05-30,2017-12-29,18,3,19.33,1,11,6366.39,5,5,5,15,Champions,James Galang,Consumer
JG-15310,6,2240.58,3.8,46,203.69,0.25,2016-03-03,2017-12-28,11,2,-16.33,2,6,2240.58,5,3,3,11,Loyal Customers,Jason Gross,Corporate
JG-15805,6,1507.02,206.1,46,167.45,0.07,2014-04-05,2017-05-21,9,2,24.0,223,6,1507.02,2,3,2,7,At Risk,John Grady,Corporate
JH-15430,4,309.28,-24.08,29,44.18,0.31,2014-02-24,2017-12-25,7,3,4.26,5,4,309.28,5,1,1,7,New Customers,Jennifer Halladay,Consumer
JH-15820,6,528.91,26.08,29,66.11,0.15,2014-05-19,2017-07-09,8,3,18.81,174,6,528.91,2,3,1,6,At Risk,John Huston,Consumer
JH-15910,7,959.48,-13.55,35,106.61,0.14,2015-06-12,2017-11-19,9,3,14.36,41,7,959.48,4,4,1,9,Potential Loyalists,Jonathan Howell,Consumer
JH-15985,6,7955.0,-644.7,64,568.21,0.09,2014-08-09,2017-12-01,14,3,26.96,29,6,7955.0,4,3,5,12,Loyal Customers,Joseph Holt,Consumer
JH-16180,4,2256.39,-96.95,28,451.28,0.22,2015-05-25,2016-11-21,5,3,-6.83,404,4,2256.39,1,1,3,5,Cant Lose Them,Justin Hirsh,Consumer
JJ-15445,5,709.18,200.56,25,118.2,0.07,2015-03-05,2016-09-03,6,2,33.58,483,5,709.18,1,2,1,4,Lost/Hibernating,Jennifer Jackson,Consumer
JJ-15760,2,195.0,34.45,11,65.0,0.07,2015-10-05,2015-12-08,3,2,23.67,753,2,195.0,1,1,1,3,Lost/Hibernating,Joel Jenkins,Home Office
JK-15205,5,4427.14,1219.98,67,340.55,0.13,2014-07-11,2017-10-30,13,3,15.63,61,5,4427.14,3,2,5,10,Loyal Customers,Jamie Kunitz,Consumer
JK-15325,3,383.81,55.33,15,95.95,0.1,2014-11-21,2017-03-18,4,2,29.75,287,3,383.81,1,1,1,3,Lost/Hibernating,Jason Klamczynski,Corporate
JK-15370,8,2709.63,330.28,72,159.39,0.12,2014-04-11,2017-11-16,16,3,19.07,44,8,2709.63,4,4,3,11,Loyal Customers,Jay Kimmel,Consumer
JK-15625,7,3760.03,750.95,44,313.34,0.12,2014-05-31,2017-10-30,12,3,19.94,61,7,3760.03,3,4,4,11,Loyal Customers,Jim Karlsson,Consumer
JK-15640,9,4760.43,1172.53,41,396.7,0.1,2014-09-19,2017-07-03,12,2,31.9,180,9,4760.43,2,5,5,12,Loyal Customers,Jim Kriz,Home Office
JK-15730,10,4867.2,55.05,88,243.36,0.33,2014-11-18,2017-10-07,20,3,-27.4,84,10,4867.2,3,5,5,13,Champions,Joe Kamberova,Consumer
JK-16090,3,3747.67,586.66,43,416.41,0.2,2015-04-21,2017-12-02,9,3,-8.83,28,3,3747.67,4,1,4,9,New Customers,Juliana Krohn,Consumer
JK-16120,10,2932.48,122.66,49,172.5,0.21,2014-11-02,2017-09-04,17,3,4.59,117,10,2932.48,2,5,4,11,Loyal Customers,Julie Kriz,Home Office
JL-15130,6,1214.96,-207.8,42,101.25,0.27,2014-07-18,2017-12-22,12,3,-1.28,8,6,1214.96,5,3,2,10,Loyal Customers,Jack Lebron,Consumer
JL-15175,5,1571.52,209.28,29,224.5,0.21,2014-12-31,2017-12-24,7,3,19.64,6,5,1571.52,5,2,2,9,New Customers,James Lanier,Home Office
JL-15235,5,2203.7,54.52,39,220.37,0.22,2014-05-25,2017-09-02,10,3,-10.82,119,5,2203.7,2,2,3,7,Cant Lose Them,Janet Lee,Consumer
JL-15505,6,3173.87,591.72,56,186.7,0.07,2014-11-14,2017-11-11,17,3,28.91,49,6,3173.87,4,3,4,11,Loyal Customers,Jeremy Lonsdale,Consumer
JL-15835,11,9799.92,228.91,143,288.23,0.09,2014-04-18,2017-12-09,33,3,24.25,21,11,9799.92,5,5,5,15,Champions,John Lee,Consumer
JL-15850,6,2725.26,779.9,38,247.75,0.24,2014-07-22,2016-04-25,11,3,8.37,614,6,2725.26,1,3,3,7,At Risk,John Lucas,Consumer
JM-15250,6,3159.12,19.82,91,166.27,0.29,2016-03-29,2017-11-23,19,3,-23.48,37,6,3159.12,4,3,4,11,Loyal Customers,Janet Martin,Consumer
JM-15265,5,1804.15,502.61,52,138.78,0.14,2014-08-25,2017-11-23,13,3,6.23,37,5,1804.15,4,2,3,9,New Customers,Janet Molinari,Corporate
JM-15535,7,1733.44,356.54,46,173.34,0.09,2014-09-13,2017-09-19,10,3,26.54,102,7,1733.44,3,4,2,9,Potential Loyalists,Jessica Myrick,Consumer
JM-15580,5,303.95,113.12,26,43.42,0.11,2016-04-14,2017-12-30,7,2,31.25,0,5,303.95,5,2,1,8,New Customers,Jill Matthias,Consumer
JM-15655,5,864.95,117.2,41,72.08,0.16,2014-04-08,2017-12-22,12,3,13.96,8,5,864.95,5,2,1,8,New Customers,Jim Mitchum,Corporate
JM-15865,7,7625.08,1574.62,50,586.54,0.18,2014-11-19,2017-09-12,13,3,-1.41,109,7,7625.08,2,4,5,11,Loyal Customers,John Murray,Consumer
JM-16195,10,2833.93,754.11,74,149.15,0.06,2014-04-30,2017-11-03,19,3,31.39,57,10,2833.93,3,5,4,12,Loyal Customers,Justin MacKendrick,Consumer
JO-15145,9,3254.95,581.4,59,250.38,0.07,2014-01-06,2017-11-03,13,3,22.86,57,9,3254.95,3,5,4,12,Loyal Customers,Jack O'Briant,Corporate
JO-15280,6,1934.27,202.14,36,175.84,0.17,2014-03-31,2017-09-29,11,3,16.27,92,6,1934.27,3,3,3,9,Potential Loyalists,Jas O'Carroll,Consumer
JO-15550,5,1090.84,167.67,42,99.17,0.24,2015-03-19,2017-05-29,11,2,7.95,215,5,1090.84,2,2,2,6,Lost/Hibernating,Jesus Ocampo,Home Office
JP-15460,7,1669.14,429.75,54,111.28,0.14,2014-08-24,2017-11-23,15,3,20.11,37,7,1669.14,4,4,2,10,Loyal Customers,Jennifer Patt,Corporate
JP-15520,7,3635.59,757.18,63,227.22,0.06,2014-08-22,2017-12-22,16,3,26.94,8,7,3635.59,5,4,4,13,Champions,Jeremy Pistek,Consumer
JP-16135,9,1707.71,309.71,47,131.36,0.15,2014-09-23,2017-09-19,12,3,18.83,102,9,1707.71,3,5,2,10,Loyal Customers,Julie Prescott,Home Office
JR-15670,2,1156.66,-785.16,14,385.55,0.3,2015-12-24,2016-05-16,3,2,-40.69,593,2,1156.66,1,1,2,4,Lost/Hibernating,Jim Radford,Consumer
JR-15700,1,863.88,107.98,3,863.88,0.2,2017-10-23,2017-10-23,1,1,12.5,68,1,863.88,3,1,1,5,Need Attention,Jocasta Rupert,Consumer
JR-16210,5,2201.69,452.37,41,220.17,0.22,2015-09-18,2017-11-27,10,3,-0.62,33,5,2201.69,4,2,3,9,New Customers,Justin Ritter,Corporate
JS-15595,4,1417.65,-175.55,35,177.21,0.31,2014-03-03,2017-09-02,8,3,-33.41,119,4,1417.65,2,1,2,5,Lost/Hibernating,Jill Stevenson,Corporate
JS-15685,4,1131.06,-54.87,42,102.82,0.21,2016-06-14,2017-11-18,11,3,6.68,42,4,1131.06,4,1,2,7,New Customers,Jim Sink,Corporate
JS-15880,5,3868.02,564.98,43,429.78,0.15,2014-04-08,2016-07-14,9,3,15.76,534,5,3868.02,1,2,4,7,Cant Lose Them,John Stevenson,Consumer
JS-15940,5,469.17,-327.93,37,58.65,0.34,2014-05-03,2016-09-23,8,2,-20.56,463,5,469.17,1,2,1,4,Lost/Hibernating,Joni Sundaresam,Home Office
JS-16030,6,2516.49,-311.26,70,139.81,0.18,2014-02-27,2017-12-02,18,3,0.12,28,6,2516.49,4,3,3,10,Loyal Customers,Joy Smith,Consumer
JW-15220,6,7721.71,2173.71,66,551.55,0.07,2015-04-30,2017-11-18,14,3,26.32,42,6,7721.71,4,3,5,12,Loyal Customers,Jane Waco,Corporate
JW-15955,7,1244.09,-29.58,41,113.1,0.08,2015-08-16,2017-12-25,10,3,17.16,5,7,1244.09,5,4,2,11,Loyal Customers,Joni Wasserman,Consumer
JW-16075,4,1428.73,154.06,38,204.1,0.33,2015-03-21,2016-09-25,7,1,-20.13,461,4,1428.73,1,1,2,4,Lost/Hibernating,Julia West,Consumer
KA-16525,7,1519.51,234.92,57,138.14,0.05,2014-03-11,2017-11-24,11,3,24.91,36,7,1519.51,4,4,2,10,Loyal Customers,Kelly Andreada,Consumer
KB-16240,7,3152.62,763.91,34,315.26,0.15,2014-03-31,2017-12-26,10,3,12.5,4,7,3152.62,5,4,4,13,Champions,Karen Bern,Corporate
KB-16315,9,1569.46,49.72,62,71.34,0.2,2014-08-26,2017-03-09,22,3,11.33,296,9,1569.46,1,5,2,8,At Risk,Karl Braun,Consumer
KB-16405,3,908.82,274.3,25,100.98,0.04,2015-11-20,2017-09-04,9,3,31.12,117,3,908.82,2,1,1,4,Lost/Hibernating,Katrina Bavinger,Home Office
KB-16585,12,2744.74,579.36,102,119.34,0.11,2014-04-04,2017-05-14,23,3,22.72,230,12,2744.74,1,5,3,9,At Risk,Ken Black,Corporate
KB-16600,7,983.92,293.55,29,109.32,0.27,2014-12-30,2017-12-29,9,3,-20.78,1,7,983.92,5,4,2,11,Loyal Customers,Ken Brennan,Corporate
KC-16255,6,2120.95,846.12,40,212.1,0.02,2014-09-08,2016-11-18,10,2,35.9,407,6,2120.95,1,3,3,7,At Risk,Karen Carlisle,Corporate
KC-16540,4,3908.26,709.42,28,781.65,0.2,2015-11-02,2017-09-24,5,3,-13.85,97,4,3908.26,3,1,4,8,Need Attention,Kelly Collister,Consumer
KC-16675,4,1146.05,156.78,40,163.72,0.09,2014-12-13,2017-11-03,7,2,22.96,57,4,1146.05,3,1,2,6,Need Attention,Kimberly Carter,Corporate
KD-16270,5,8282.36,1107.7,64,517.65,0.19,2014-11-11,2016-09-02,16,3,0.65,484,5,8282.36,1,2,5,8,Cant Lose Them,Karen Daniels,Consumer
KD-16345,6,1888.96,328.59,36,188.9,0.13,2014-09-02,2017-11-19,10,3,23.75,41,6,1888.96,4,3,3,10,Loyal Customers,Katherine Ducich,Consumer
KD-16495,12,8181.26,3038.63,84,292.19,0.09,2014-09-28,2017-09-09,28,3,24.52,112,12,8181.26,2,5,5,12,Loyal Customers,Keith Dawkins,Corporate
KD-16615,5,2243.51,539.72,56,172.58,0.11,2015-09-13,2017-03-16,13,2,29.63,289,5,2243.51,1,2,3,6,Cant Lose Them,Ken Dana,Corporate
KE-16420,8,1686.73,397.88,67,112.45,0.21,2014-04-03,2017-12-04,15,3,7.57,26,8,1686.73,5,4,2,11,Loyal Customers,Katrina Edelman,Corporate
KF-16285,7,10604.27,1660.14,67,589.13,0.03,2014-09-26,2017-09-24,18,3,32.6,97,7,10604.27,3,4,5,12,Loyal Customers,Karen Ferguson,Home Office
KH-16330,8,3312.86,454.79,70,184.05,0.14,2014-04-01,2017-11-20,18,3,18.75,40,8,3312.86,4,4,4,12,Loyal Customers,Katharine Harms,Corporate
KH-16360,6,3100.61,528.21,40,221.47,0.15,2014-04-29,2017-12-29,14,3,12.2,1,6,3100.61,5,3,4,12,Loyal Customers,Katherine Hughes,Consumer
KH-16510,7,5952.86,656.12,91,258.82,0.11,2014-08-15,2017-12-08,23,3,17.19,22,7,5952.86,5,4,5,14,Champions,Keith Herrera,Consumer
KH-16630,9,3918.97,727.38,84,230.53,0.11,2014-11-01,2017-11-02,17,2,26.29,58,9,3918.97,3,5,4,12,Loyal Customers,Ken Heidel,Corporate
KH-16690,7,5990.8,1227.51,69,399.39,0.13,2014-03-21,2017-12-28,15,2,19.91,2,7,5990.8,5,4,5,14,Champions,Kristen Hastings,Corporate
KL-16555,8,5016.49,-182.78,84,228.02,0.3,2014-06-15,2017-12-14,22,3,-16.62,16,8,5016.49,5,4,5,14,Champions,Kelly Lampkin,Corporate
KL-16645,12,14175.23,806.86,113,488.8,0.2,2014-07-25,2017-11-13,28,3,-3.26,47,12,14175.23,4,5,5,14,Champions,Ken Lonsdale,Consumer
KM-16225,6,2260.96,635.11,72,119.0,0.02,2015-07-06,2017-12-16,19,3,34.36,14,6,2260.96,5,3,3,11,Loyal Customers,Kalyca Meade,Corporate
KM-16375,8,5620.19,973.79,69,281.01,0.14,2014-07-20,2017-11-04,20,3,16.31,56,8,5620.19,3,4,5,12,Loyal Customers,Katherine Murray,Home Office
KM-16660,5,453.54,91.14,30,50.39,0.04,2014-12-22,2017-12-15,9,3,30.08,15,5,453.54,5,2,1,8,New Customers,Khloe Miller,Consumer
KM-16720,8,4909.47,745.77,98,175.34,0.09,2014-03-30,2017-12-02,28,3,24.46,28,8,4909.47,4,4,5,13,Champions,Kunst Miller,Consumer
KN-16390,9,2617.27,-151.15,56,153.96,0.22,2014-12-02,2017-12-11,17,3,2.76,19,9,2617.27,5,5,3,13,Champions,Katherine Nockton,Corporate
KN-16450,5,2171.96,114.31,49,271.5,0.28,2014-04-12,2017-11-08,8,3,-23.81,52,5,2171.96,4,2,3,9,New Customers,Kean Nguyen,Corporate
KN-16705,8,2280.58,329.76,55,152.04,0.12,2014-03-02,2017-09-23,15,3,12.8,98,8,2280.58,3,4,3,10,Loyal Customers,Kristina Nunn,Home Office
KS-16300,3,88.47,0.11,10,22.12,0.28,2015-01-13,2017-03-10,4,2,-2.54,295,3,88.47,1,1,1,3,Lost/Hibernating,Karen Seio,Corporate
KT-16465,7,3057.1,254.0,45,218.36,0.23,2014-09-08,2016-12-04,14,3,10.34,391,7,3057.1,1,4,4,9,At Risk,Kean Takahito,Consumer
KT-16480,10,4642.09,194.07,37,357.08,0.15,2014-03-10,2017-09-21,13,3,18.59,100,10,4642.09,3,5,5,13,Champions,Kean Thornton,Consumer
KW-16435,5,4416.52,1756.14,42,441.65,0.11,2015-08-24,2017-09-25,10,3,11.8,96,5,4416.52,3,2,5,10,Loyal Customers,Katrina Willman,Consumer
KW-16570,4,449.1,107.93,22,89.82,0.04,2014-09-30,2015-11-20,5,3,28.45,771,4,449.1,1,1,1,3,Lost/Hibernating,Kelly Williams,Consumer
LA-16780,11,8673.22,2059.12,105,333.59,0.12,2014-04-29,2017-07-29,26,3,22.77,154,11,8673.22,2,5,5,12,Loyal Customers,Laura Armstrong,Corporate
LB-16735,3,50.19,18.65,12,16.73,0.27,2016-07-25,2017-11-12,3,2,4.17,48,3,50.19,4,1,1,6,New Customers,Larry Blacks,Consumer
LB-16795,8,4985.68,-52.19,76,207.74,0.24,2014-04-23,2017-07-31,23,3,-4.66,152,8,4985.68,2,4,5,11,Loyal Customers,Laurel Beltran,Home Office
LC-16870,8,2580.7,-188.25,113,86.02,0.24,2015-05-03,2017-12-03,29,3,-13.93,27,8,2580.7,4,4,3,11,Loyal Customers,Lena Cacioppo,Consumer
LC-16885,12,7663.13,1288.35,93,333.18,0.16,2014-04-25,2017-12-14,23,3,12.8,16,12,7663.13,5,5,5,15,Champions,Lena Creighton,Consumer
LC-16930,8,4492.95,288.27,52,320.92,0.17,2014-02-20,2017-11-19,14,3,23.97,41,8,4492.95,4,4,5,13,Champions,Linda Cazamias,Corporate
LC-16960,4,3246.63,299.48,30,463.8,0.29,2015-02-23,2016-10-20,7,2,-6.07,436,4,3246.63,1,1,4,6,Cant Lose Them,Lindsay Castell,Home Office
LC-17050,5,2095.06,86.78,43,232.78,0.27,2014-01-31,2017-11-06,9,3,-8.56,54,5,2095.06,3,2,3,8,Need Attention,Liz Carlisle,Consumer
LC-17140,9,2633.58,231.13,62,138.61,0.18,2014-09-09,2017-12-17,18,3,-0.06,13,9,2633.58,5,5,3,13,Champions,Logan Currie,Consumer
LD-16855,1,5.3,0.46,3,5.3,0.2,2016-06-26,2016-06-26,1,1,8.75,552,1,5.3,1,1,1,3,Lost/Hibernating,Lela Donovan,Corporate
LD-17005,4,1961.93,557.17,25,280.28,0.03,2014-09-29,2016-11-11,7,3,37.14,414,4,1961.93,1,1,3,5,Cant Lose Them,Lisa DeCherney,Consumer
LE-16810,6,1469.45,161.76,32,163.27,0.26,2014-05-27,2017-12-09,9,3,-29.19,21,6,1469.45,5,3,2,10,Loyal Customers,Laurel Elliston,Consumer
LF-17185,7,3930.51,-3583.98,69,245.66,0.32,2014-07-26,2017-12-08,16,3,-36.99,22,7,3930.51,5,4,4,13,Champions,Luke Foster,Consumer
LH-16750,3,287.43,12.63,12,95.81,0.37,2014-09-21,2017-08-01,3,2,-20.97,151,3,287.43,2,1,1,4,Lost/Hibernating,Larry Hughes,Consumer
LH-16900,9,2295.33,526.07,64,153.02,0.13,2014-08-19,2017-12-09,15,3,16.67,21,9,2295.33,5,5,3,13,Champions,Lena Hernandez,Consumer
LH-17020,4,318.24,-242.74,34,53.04,0.47,2014-09-08,2017-05-05,6,3,-58.11,239,4,318.24,1,1,1,3,Lost/Hibernating,Lisa Hazard,Consumer
LH-17155,9,1739.69,316.52,44,91.56,0.08,2014-12-12,2016-12-10,19,3,26.32,385,9,1739.69,1,5,3,9,At Risk,Logan Haushalter,Consumer
LL-16840,6,2741.2,560.01,50,228.43,0.02,2014-04-29,2017-04-25,12,3,35.04,249,6,2741.2,1,3,3,7,At Risk,Lauren Leatherbury,Consumer
LM-17065,5,1346.77,-44.88,32,192.4,0.06,2014-06-27,2016-12-04,7,3,16.57,391,5,1346.77,1,2,2,5,Lost/Hibernating,Liz MacKendrick,Consumer
LO-17170,5,644.35,150.17,34,71.59,0.26,2015-02-06,2017-12-28,9,3,-7.04,2,5,644.35,5,2,1,8,New Customers,Lori Olson,Corporate
LP-17080,4,756.61,110.78,39,84.07,0.11,2014-06-24,2017-11-20,9,2,31.47,40,4,756.61,4,1,1,6,New Customers,Liz Pelletier,Consumer
LP-17095,7,3653.4,338.45,52,243.56,0.19,2016-06-06,2017-12-21,15,3,6.13,9,7,3653.4,5,4,4,13,Champions,Liz Preis,Consumer
LR-16915,6,5142.89,535.48,64,321.43,0.18,2014-08-08,2017-12-04,16,3,9.77,26,6,5142.89,5,3,5,13,Champions,Lena Radford,Consumer
LR-17035,5,1879.31,-382.81,44,156.61,0.27,2014-09-07,2017-08-20,12,3,-20.21,132,5,1879.31,2,2,3,7,Cant Lose Them,Lisa Ryan,Corporate
LS-16945,6,2845.27,-318.77,51,203.23,0.31,2015-04-25,2017-07-05,14,3,-21.07,178,6,2845.27,2,3,4,9,At Risk,Linda Southworth,Corporate
LS-16975,9,2988.67,262.64,63,135.85,0.28,2014-10-20,2017-12-10,22,3,-17.86,20,9,2988.67,5,5,4,14,Champions,Lindsay Shagiari,Home Office
LS-17200,6,1010.26,244.2,54,72.16,0.2,2014-10-18,2017-09-25,14,2,3.16,96,6,1010.26,3,3,2,8,Potential Loyalists,Luke Schmidt,Corporate
LS-17230,3,368.88,39.2,16,61.48,0.12,2014-01-06,2015-11-14,6,2,30.98,777,3,368.88,1,1,1,3,Lost/Hibernating,Lycoris Saunders,Consumer
LS-17245,6,1008.14,348.36,47,84.01,0.08,2014-10-16,2017-11-26,12,3,35.77,34,6,1008.14,4,3,2,9,Potential Loyalists,Lynn Smith,Consumer
LT-16765,3,329.88,59.04,8,109.96,0.13,2014-09-01,2017-12-04,3,2,23.42,26,3,329.88,5,1,1,7,New Customers,Larry Tron,Consumer
LT-17110,8,2936.25,320.97,63,209.73,0.25,2014-06-01,2017-11-26,14,3,-4.91,34,8,2936.25,4,4,4,12,Loyal Customers,Liz Thompson,Consumer
LW-16825,5,2238.06,32.58,50,149.2,0.21,2014-05-30,2017-10-03,15,3,1.06,88,5,2238.06,3,2,3,8,Need Attention,Laurel Workman,Corporate
LW-16990,6,3230.31,662.83,38,293.66,0.11,2016-05-05,2017-11-27,11,3,25.91,33,6,3230.31,4,3,4,11,Loyal Customers,Lindsay Williams,Corporate
LW-17125,3,1259.04,192.63,15,251.81,0.0,2014-09-11,2017-06-08,5,3,24.6,205,3,1259.04,2,1,2,5,Lost/Hibernating,Liz Willingham,Consumer
LW-17215,7,5420.51,837.24,59,361.37,0.17,2014-09-12,2017-12-09,15,3,11.04,21,7,5420.51,5,4,5,14,Champions,Luke Weiss,Consumer
MA-17560,11,4299.16,1240.23,117,126.45,0.09,2014-08-08,2017-10-27,34,3,30.29,64,11,4299.16,3,5,5,13,Champions,Matt Abelman,Home Office
MA-17995,6,2453.28,280.78,42,204.44,0.04,2014-09-20,2017-06-27,12,3,31.45,186,6,2453.28,2,3,3,8,At Risk,Michelle Arnett,Home Office
MB-17305,10,1548.7,212.42,63,81.51,0.17,2014-08-08,2017-11-12,19,3,15.83,48,10,1548.7,4,5,2,11,Loyal Customers,Maria Bertelson,Consumer
MB-18085,7,1428.23,117.81,39,142.82,0.2,2014-01-05,2017-11-16,10,3,12.27,44,7,1428.23,4,4,2,10,Loyal Customers,Mick Brown,Consumer
MC-17275,8,2725.98,461.0,54,209.69,0.13,2014-09-08,2017-10-15,13,2,13.03,76,8,2725.98,3,4,3,10,Loyal Customers,Marc Crier,Consumer
MC-17425,5,4432.14,1802.39,48,443.21,0.12,2014-05-30,2016-11-26,10,3,30.62,399,5,4432.14,1,2,5,8,Cant Lose Them,Mark Cousins,Corporate
MC-17575,8,1303.89,210.75,40,118.54,0.29,2014-12-02,2017-12-03,11,2,-18.23,27,8,1303.89,4,4,2,10,Loyal Customers,Matt Collins,Consumer
MC-17590,6,2426.07,288.98,47,142.71,0.17,2014-05-20,2017-11-09,17,3,13.01,51,6,2426.07,4,3,3,10,Loyal Customers,Matt Collister,Corporate
MC-17605,8,2258.19,195.45,60,125.46,0.22,2014-03-19,2017-09-09,18,3,9.32,112,8,2258.19,2,4,3,9,At Risk,Matt Connell,Corporate
MC-17635,4,795.15,-247.94,33,99.39,0.18,2014-11-28,2017-06-24,8,2,3.53,189,4,795.15,2,1,1,4,Lost/Hibernating,Matthew Clasen,Corporate
MC-17845,7,3805.71,698.42,45,271.84,0.1,2014-07-05,2017-12-29,14,3,26.86,1,7,3805.71,5,4,4,13,Champions,Michael Chen,Consumer
MC-18100,10,2218.98,-64.17,73,116.79,0.27,2014-06-18,2017-11-19,19,3,-16.15,41,10,2218.98,4,5,3,12,Loyal Customers,Mick Crebagga,Consumer
MC-18130,5,1582.0,121.76,34,143.82,0.05,2014-09-19,2016-12-26,11,3,24.09,369,5,1582.0,1,2,2,5,Lost/Hibernating,Mike Caudle,Corporate
MD-17350,7,3766.38,-241.95,64,221.55,0.33,2014-11-05,2017-09-04,17,3,-16.74,117,7,3766.38,2,4,4,10,Loyal Customers,Maribeth Dona,Consumer
MD-17860,5,1204.91,-4.04,45,150.61,0.29,2014-12-02,2017-11-24,8,2,-10.86,36,5,1204.91,4,2,2,8,New Customers,Michael Dominguez,Corporate
ME-17320,10,10663.73,1859.47,82,484.71,0.13,2014-01-06,2017-11-18,22,3,1.57,42,10,10663.73,4,5,5,14,Champions,Maria Etezadi,Home Office
ME-17725,8,1908.45,77.81,46,146.8,0.22,2014-07-12,2017-12-02,13,3,-10.42,28,8,1908.45,4,4,3,11,Loyal Customers,Max Engle,Consumer
ME-18010,4,1256.94,107.36,15,209.49,0.17,2014-07-21,2017-09-29,6,2,16.21,92,4,1256.94,3,2,2,7,Need Attention,Michelle Ellison,Corporate
MF-17665,5,937.04,-341.53,36,117.13,0.14,2014-12-30,2016-11-04,8,2,18.24,421,5,937.04,1,2,1,4,Lost/Hibernating,Maureen Fritzler,Corporate
MF-18250,5,1758.3,456.86,38,146.52,0.07,2014-09-15,2017-12-23,12,3,29.19,7,5,1758.3,5,2,3,10,Loyal Customers,Monica Federle,Corporate
MG-17650,7,3785.28,341.9,57,270.38,0.13,2014-08-09,2017-12-01,14,3,17.69,29,7,3785.28,4,4,4,12,Loyal Customers,Matthew Grinstein,Home Office
MG-17680,4,2350.19,25.89,25,235.02,0.22,2014-10-22,2017-09-29,10,3,5.01,92,4,2350.19,3,2,3,8,Need Attention,Maureen Gastineau,Home Office
MG-17695,3,1342.28,-398.79,23,191.75,0.26,2014-12-26,2016-06-23,7,2,-28.64,555,3,1342.28,1,1,2,4,Lost/Hibernating,Maureen Gnade,Consumer
MG-17875,5,1242.83,-470.77,23,177.55,0.24,2014-02-23,2017-09-05,7,2,-15.18,116,5,1242.83,2,2,2,6,Lost/Hibernating,Michael Grace,Home Office
MG-17890,9,776.38,171.74,35,59.72,0.12,2014-12-29,2017-09-22,13,3,15.15,99,9,776.38,3,5,1,9,Potential Loyalists,Michael Granlund,Home Office
MG-18145,4,3061.54,-93.6,42,382.69,0.19,2014-03-29,2017-10-07,8,3,0.58,84,4,3061.54,3,2,4,9,Need Attention,Mike Gockenbach,Consumer
MG-18205,1,16.74,-1.25,8,8.37,0.45,2017-04-10,2017-04-10,2,2,-27.5,264,1,16.74,1,1,1,3,Lost/Hibernating,Mitch Gastineau,Corporate
MH-17290,6,2394.02,28.76,55,184.16,0.19,2014-04-26,2017-09-02,13,3,11.1,119,6,2394.02,2,3,3,8,At Risk,Marc Harrigan,Home Office
MH-17440,4,400.02,61.43,25,44.45,0.08,2014-02-04,2016-12-19,9,2,35.19,376,4,400.02,1,2,1,4,Lost/Hibernating,Mark Haberlin,Corporate
MH-17455,8,2456.18,484.77,45,223.29,0.16,2014-07-11,2017-10-06,11,3,18.45,85,8,2456.18,3,4,3,10,Loyal Customers,Mark Hamilton,Consumer
MH-17620,4,1252.8,122.36,19,208.8,0.23,2015-12-05,2017-07-28,6,3,-4.62,155,4,1252.8,2,2,2,6,Lost/Hibernating,Matt Hagelstein,Corporate
MH-17785,7,2203.78,238.56,42,200.34,0.07,2014-05-27,2017-09-23,11,2,24.3,98,7,2203.78,3,4,3,10,Loyal Customers,Maya Herman,Corporate
MH-18025,5,2984.95,476.9,31,298.49,0.13,2014-07-08,2017-11-11,10,2,4.69,49,5,2984.95,4,2,4,10,Loyal Customers,Michelle Huthwaite,Consumer
MH-18115,9,5503.09,170.97,79,250.14,0.17,2016-08-23,2017-12-25,22,3,11.61,5,9,5503.09,5,5,5,15,Champions,Mick Hernandez,Home Office
MJ-17740,7,6320.75,1054.55,50,421.38,0.21,2015-06-09,2017-12-08,15,2,12.37,22,7,6320.75,5,4,5,14,Champions,Max Jones,Consumer
MK-17905,8,2302.37,-405.36,73,135.43,0.3,2014-11-18,2017-12-02,17,3,-17.36,28,8,2302.37,4,4,3,11,Loyal Customers,Michael Kennedy,Corporate
MK-18160,4,1031.6,227.83,43,93.78,0.08,2014-12-19,2017-05-04,11,2,24.08,240,4,1031.6,1,2,2,5,Lost/Hibernating,Mike Kennedy,Consumer
ML-17395,9,2722.84,684.92,72,136.14,0.17,2014-02-14,2017-10-22,20,3,11.22,69,9,2722.84,3,5,3,11,Loyal Customers,Marina Lichtenstein,Corporate
ML-17410,6,2921.5,-76.18,51,194.77,0.17,2014-11-14,2017-11-06,15,3,14.45,54,6,2921.5,3,3,4,10,Loyal Customers,Maris LaWare,Consumer
ML-17755,7,2071.91,409.51,53,159.38,0.11,2016-08-04,2017-12-01,13,3,26.13,29,7,2071.91,4,4,3,11,Loyal Customers,Max Ludwig,Home Office
ML-18040,3,742.08,138.72,18,185.52,0.25,2017-03-26,2017-10-12,4,3,-14.62,79,3,742.08,3,1,1,5,Need Attention,Michelle Lonsdale,Corporate
ML-18265,2,162.23,42.66,7,54.08,0.07,2015-05-31,2017-09-21,3,2,21.75,100,2,162.23,3,1,1,5,Need Attention,Muhammed Lee,Consumer
MM-17260,4,1314.02,178.4,17,219.0,0.13,2014-05-28,2017-07-15,6,2,22.25,168,4,1314.02,2,2,2,6,Lost/Hibernating,Magdelene Morse,Consumer
MM-17920,11,3794.08,82.12,68,237.13,0.18,2014-01-13,2017-12-23,16,3,-1.69,7,11,3794.08,5,5,4,14,Champions,Michael Moore,Consumer
MM-18055,8,2749.88,-520.34,73,144.73,0.21,2014-04-11,2017-10-30,19,3,0.95,61,8,2749.88,3,4,3,10,Loyal Customers,Michelle Moray,Consumer
MM-18280,9,775.41,58.89,32,64.62,0.14,2014-01-20,2017-10-06,12,3,17.88,85,9,775.41,3,5,1,9,Potential Loyalists,Muhammed MacIntyre,Corporate
MN-17935,6,2477.95,290.82,36,247.79,0.26,2014-02-16,2017-11-26,10,3,-12.35,34,6,2477.95,4,3,3,10,Loyal Customers,Michael Nguyen,Consumer
MO-17500,4,922.49,59.36,15,184.5,0.22,2014-11-28,2017-10-19,5,3,8.2,72,4,922.49,3,2,1,6,Need Attention,Mary O'Rourke,Consumer
MO-17800,8,1687.03,169.34,49,153.37,0.16,2015-09-17,2017-09-17,11,3,6.69,104,8,1687.03,2,4,2,8,At Risk,Meg O'Connel,Home Office
MO-17950,2,154.29,-82.01,14,38.57,0.35,2015-04-02,2017-07-03,4,2,-64.69,180,2,154.29,2,1,1,4,Lost/Hibernating,Michael Oakman,Consumer
MP-17470,7,3206.13,600.29,77,229.01,0.12,2014-03-30,2016-01-11,14,3,26.24,719,7,3206.13,1,4,4,9,At Risk,Mark Packer,Home Office
MP-17965,9,3983.64,638.16,62,199.18,0.26,2015-04-18,2017-10-19,20,3,-13.01,72,9,3983.64,3,5,4,12,Loyal Customers,Michael Paige,Corporate
MP-18175,9,5087.92,226.45,78,267.79,0.16,2014-03-28,2017-12-14,19,3,12.36,16,9,5087.92,5,5,5,15,Champions,Mike Pelletier,Home Office
MR-17545,4,639.18,162.94,29,106.53,0.2,2014-09-03,2017-08-27,6,3,-0.25,125,4,639.18,2,2,1,5,Lost/Hibernating,Mathew Reese,Home Office
MS-17365,10,7443.69,844.94,105,310.15,0.16,2014-09-09,2017-04-01,24,3,7.36,273,10,7443.69,1,5,5,11,Loyal Customers,Maribeth Schnelling,Consumer
MS-17530,4,475.66,84.03,21,67.95,0.16,2014-11-04,2016-10-22,7,3,9.0,434,4,475.66,1,2,1,4,Lost/Hibernating,MaryBeth Skach,Consumer
MS-17710,6,1613.4,247.43,48,107.56,0.22,2014-03-24,2016-11-12,15,3,10.66,413,6,1613.4,1,3,2,6,At Risk,Maurice Satty,Consumer
MS-17770,9,3144.68,280.86,73,165.51,0.1,2014-07-04,2017-08-31,19,3,20.03,121,9,3144.68,2,5,4,11,Loyal Customers,Maxwell Schwartz,Consumer
MS-17830,4,370.35,19.43,14,74.07,0.18,2014-01-09,2016-10-04,5,3,20.95,452,4,370.35,1,2,1,4,Lost/Hibernating,Melanie Seite,Consumer
MS-17980,6,855.12,55.23,49,77.74,0.17,2014-06-30,2017-12-04,11,3,22.11,26,6,855.12,5,3,1,9,Potential Loyalists,Michael Stewart,Corporate
MT-17815,6,2890.14,509.01,31,289.01,0.13,2015-11-06,2017-11-11,10,3,16.42,49,6,2890.14,4,3,4,11,Loyal Customers,Meg Tillman,Consumer
MT-18070,4,1319.45,-23.68,44,119.95,0.24,2014-09-25,2017-06-10,11,3,-10.18,203,4,1319.45,2,2,2,6,Lost/Hibernating,Michelle Tran,Home Office
MV-17485,9,1560.05,189.03,52,104.0,0.24,2014-01-20,2017-12-03,15,2,-2.67,27,9,1560.05,4,5,2,11,Loyal Customers,Mark Van Huff,Consumer
MV-18190,7,1734.57,273.86,37,157.69,0.09,2014-01-30,2017-12-11,11,3,28.88,19,7,1734.57,5,4,2,11,Loyal Customers,Mike Vittorini,Consumer
MW-18220,7,5341.9,1238.42,51,381.56,0.08,2014-08-25,2017-12-13,14,3,19.48,17,7,5341.9,5,4,5,14,Champions,Mitch Webber,Consumer
MW-18235,2,5253.88,1665.52,13,1751.29,0.07,2014-05-21,2017-11-16,3,2,28.75,44,2,5253.88,4,1,5,10,Loyal Customers,Mitch Willingham,Corporate
MY-17380,7,2254.28,319.12,49,173.41,0.31,2015-10-26,2017-12-01,13,3,-3.8,29,7,2254.28,4,4,3,11,Loyal Customers,Maribeth Yedwab,Corporate
MY-18295,11,4152.7,-371.71,89,197.75,0.24,2014-04-28,2017-10-20,21,3,-0.07,71,11,4152.7,3,5,4,12,Loyal Customers,Muhammed Yedwab,Corporate
MZ-17335,4,593.61,85.02,11,98.93,0.07,2015-11-08,2017-11-30,6,3,24.04,30,4,593.61,4,2,1,7,New Customers,Maria Zettner,Home Office
MZ-17515,6,2564.91,787.75,39,256.49,0.28,2014-04-04,2017-03-23,10,3,-22.18,282,6,2564.91,1,3,3,7,At Risk,Mary Zewe,Corporate
NB-18580,2,273.87,24.79,7,136.94,0.1,2014-09-26,2014-10-22,2,2,9.0,1165,2,273.87,1,1,1,3,Lost/Hibernating,Nicole Brennan,Corporate
NB-18655,9,1972.6,117.64,64,116.04,0.17,2014-12-05,2017-12-11,17,3,15.14,19,9,1972.6,5,5,3,13,Champions,Nona Balk,Corporate
NC-18340,5,2461.4,580.31,54,144.79,0.04,2014-03-30,2017-05-20,17,2,29.41,224,5,2461.4,2,2,3,7,Cant Lose Them,Nat Carroll,Consumer
NC-18415,6,2218.99,-2204.81,38,158.5,0.26,2014-05-03,2017-11-19,14,3,-0.65,41,6,2218.99,4,3,3,10,Loyal Customers,Nathan Cano,Consumer
NC-18535,7,8241.74,1314.76,64,549.45,0.14,2014-07-23,2017-12-24,15,3,22.07,6,7,8241.74,5,4,5,14,Champions,Nick Crebassa,Corporate
NC-18625,5,1821.74,-359.02,29,202.42,0.24,2014-10-29,2017-06-09,9,3,6.12,204,5,1821.74,2,2,3,7,Cant Lose Them,Noah Childs,Corporate
ND-18370,9,4326.14,353.65,63,240.34,0.21,2014-01-13,2017-12-03,18,3,-5.83,27,9,4326.14,4,5,5,14,Champions,Natalie DeCherney,Consumer
ND-18460,6,2893.46,443.34,36,361.68,0.09,2014-02-06,2017-06-30,8,3,21.28,183,6,2893.46,2,3,4,9,At Risk,Neil Ducich,Corporate
NF-18385,7,8322.83,-1695.97,52,594.49,0.25,2014-02-11,2017-10-12,14,3,-6.67,79,7,8322.83,3,4,5,12,Loyal Customers,Natalie Fritzler,Consumer
NF-18475,4,377.16,85.93,13,94.29,0.25,2014-03-14,2016-07-23,4,2,-25.75,525,4,377.16,1,2,1,4,Lost/Hibernating,Neil Französisch,Home Office
NF-18595,7,2031.47,388.21,55,169.29,0.12,2014-04-19,2017-09-07,12,2,27.25,114,7,2031.47,2,4,3,9,At Risk,Nicole Fjeld,Home Office
NG-18355,5,1869.58,313.63,45,116.85,0.09,2014-11-24,2017-11-12,16,3,27.03,48,5,1869.58,4,2,3,9,New Customers,Nat Gilpin,Corporate
NG-18430,5,1395.94,217.09,41,155.1,0.11,2014-11-24,2017-11-12,9,2,28.72,48,5,1395.94,4,2,2,8,New Customers,Nathan Gelder,Consumer
NH-18610,7,2673.29,760.17,52,243.03,0.05,2014-03-02,2017-06-24,11,3,30.82,189,7,2673.29,2,4,3,9,At Risk,Nicole Hansen,Corporate
NK-18490,7,572.05,121.22,51,52.0,0.13,2015-05-28,2017-10-21,11,2,29.2,70,7,572.05,3,4,1,8,Potential Loyalists,Neil Knudson,Home Office
NL-18310,4,1418.09,343.64,44,141.81,0.06,2014-10-31,2017-11-02,10,3,28.15,58,4,1418.09,3,2,2,7,Need Attention,Nancy Lomonaco,Home Office
NM-18445,7,6459.34,2751.68,44,461.38,0.04,2014-02-08,2017-07-23,14,3,32.6,160,7,6459.34,2,4,5,11,Loyal Customers,Nathan Mautz,Home Office
NM-18520,10,2161.98,788.95,60,144.13,0.26,2015-09-08,2017-04-30,14,3,0.03,244,10,2161.98,1,5,3,9,At Risk,Neoma Murray,Consumer
NP-18325,6,5529.62,1208.89,77,263.32,0.06,2014-05-13,2017-12-05,21,3,24.79,25,6,5529.62,5,3,5,13,Champions,Naresj Patel,Consumer
NP-18670,5,3908.4,514.6,46,390.84,0.02,2015-02-27,2017-11-02,10,3,27.62,58,5,3908.4,3,2,4,9,Need Attention,Nora Paige,Consumer
NP-18685,6,1228.7,514.5,23,175.53,0.19,2014-03-07,2016-11-19,7,3,18.92,406,6,1228.7,1,3,2,6,At Risk,Nora Pelletier,Home Office
NP-18700,7,7903.18,631.23,63,607.94,0.2,2014-09-05,2017-08-14,12,3,-1.19,138,7,7903.18,2,4,5,11,Loyal Customers,Nora Preis,Consumer
NR-18550,5,2367.28,-25.15,37,182.1,0.22,2014-06-07,2017-06-03,13,3,-1.69,210,5,2367.28,2,2,3,7,Cant Lose Them,Nick Radford,Consumer
NS-18505,4,2575.86,-12.3,52,171.72,0.21,2016-11-24,2017-12-24,15,3,13.33,6,4,2575.86,5,2,3,10,Loyal Customers,Neola Schneider,Consumer
NS-18640,13,2964.82,-234.77,113,114.03,0.22,2014-06-25,2017-07-09,26,3,2.42,174,13,2964.82,2,5,4,11,Loyal Customers,Noel Staavos,Corporate
NW-18400,7,7234.01,1023.12,78,328.82,0.21,2014-06-21,2017-07-11,22,3,-0.45,172,7,7234.01,2,4,5,11,Loyal Customers,Natalie Webber,Consumer
NZ-18565,9,2488.31,402.42,77,124.42,0.18,2014-08-02,2017-10-06,19,3,15.36,85,9,2488.31,3,5,3,11,Loyal Customers,Nick Zandusky,Home Office
ON-18715,9,1567.52,-5.89,58,104.5,0.16,2014-09-13,2016-11-15,15,3,13.17,410,9,1567.52,1,5,2,8,At Risk,Odella Nelson,Corporate
OT-18730,5,3818.62,-925.12,51,381.86,0.16,2015-04-20,2017-10-26,10,2,8.56,65,5,3818.62,3,2,4,9,Need Attention,Olvera Toch,Consumer
PA-19060,6,729.41,225.86,27,104.2,0.19,2014-05-17,2017-09-18,7,2,20.68,103,6,729.41,3,3,1,7,Potential Loyalists,Pete Armstrong,Home Office
PB-18805,3,740.36,229.23,54,74.04,0.12,2015-11-20,2017-12-05,10,3,30.25,25,3,740.36,5,1,1,7,New Customers,Patrick Bzostek,Home Office
PB-19105,4,688.32,218.16,18,137.66,0.12,2014-11-15,2017-11-03,5,2,25.3,57,4,688.32,3,2,1,6,Need Attention,Peter Bühler,Consumer
PB-19150,8,1456.95,280.66,54,132.45,0.13,2014-07-14,2017-09-24,11,3,24.27,97,8,1456.95,3,4,2,9,Potential Loyalists,Philip Brown,Consumer
PB-19210,2,132.74,21.9,10,66.37,0.1,2014-11-23,2016-02-11,2,2,17.38,688,2,132.74,1,1,1,3,Lost/Hibernating,Phillip Breyer,Corporate
PC-18745,4,1832.06,272.68,22,366.41,0.22,2014-12-31,2017-12-28,5,2,4.83,2,4,1832.06,5,2,3,10,Loyal Customers,Pamela Coakley,Corporate
PC-19000,2,1061.49,-184.34,18,353.83,0.13,2014-04-08,2015-08-01,3,2,2.92,882,2,1061.49,1,1,2,4,Lost/Hibernating,Pauline Chand,Home Office
PF-19120,4,9062.86,-614.29,75,476.99,0.12,2014-05-05,2015-09-17,19,3,5.5,835,4,9062.86,1,2,5,8,Cant Lose Them,Peter Fuller,Consumer
PF-19165,6,2770.0,196.87,34,277.0,0.05,2014-09-20,2017-06-17,10,3,22.6,196,6,2770.0,2,3,4,9,At Risk,Philip Fox,Consumer
PF-19225,5,2206.13,591.31,32,220.61,0.06,2016-06-26,2017-09-07,10,3,27.68,114,5,2206.13,2,2,3,7,Cant Lose Them,Phillip Flathmann,Consumer
PG-18820,13,3086.91,137.46,83,118.73,0.17,2014-05-09,2017-11-24,25,3,0.72,36,13,3086.91,4,5,4,13,Champions,Patrick Gardner,Consumer
PG-18895,9,1987.16,334.52,61,116.89,0.09,2014-05-11,2017-11-03,17,3,19.76,57,9,1987.16,3,5,3,11,Loyal Customers,Paul Gonzalez,Consumer
PH-18790,1,729.65,47.89,6,364.82,0.2,2017-10-21,2017-10-21,2,1,8.75,70,1,729.65,3,1,1,5,Need Attention,Patricia Hirasaki,Home Office
PJ-18835,8,1220.09,442.14,46,93.85,0.08,2014-05-28,2017-11-21,13,2,31.92,39,8,1220.09,4,4,2,10,Loyal Customers,Patrick Jones,Corporate
PJ-19015,7,1824.23,683.0,25,182.42,0.08,2014-04-07,2017-08-18,10,3,25.95,134,7,1824.23,2,4,3,9,At Risk,Pauline Johnson,Consumer
PK-18910,2,1441.15,-798.7,14,480.38,0.37,2014-04-04,2016-09-03,3,2,-11.78,483,2,1441.15,1,1,2,4,Lost/Hibernating,Paul Knutson,Home Office
PK-19075,12,8646.93,2038.27,107,345.88,0.08,2014-11-11,2017-12-21,25,3,30.57,9,12,8646.93,5,5,5,15,Champions,Pete Kriz,Consumer
PL-18925,5,239.48,-0.75,29,29.94,0.25,2014-11-01,2017-12-15,8,3,-1.03,15,5,239.48,5,2,1,8,New Customers,Paul Lucas,Home Office
PM-18940,3,1405.4,157.88,16,351.35,0.15,2014-05-04,2016-12-09,4,2,10.71,386,3,1405.4,1,1,2,4,Lost/Hibernating,Paul MacIntyre,Consumer
PM-19135,4,4115.66,526.75,36,587.95,0.13,2015-12-19,2017-11-09,7,3,22.0,51,4,4115.66,4,2,4,10,Loyal Customers,Peter McVee,Home Office
PN-18775,8,1467.15,192.04,47,112.86,0.12,2015-08-07,2017-11-30,13,3,21.71,30,8,1467.15,4,4,2,10,Loyal Customers,Parhena Norris,Home Office
PO-18850,11,7473.83,38.48,91,339.72,0.21,2014-11-02,2017-12-26,22,3,11.22,4,11,7473.83,5,5,5,15,Champions,Patrick O'Brill,Consumer
PO-18865,7,2493.21,437.85,54,191.79,0.05,2014-03-23,2017-12-30,13,3,26.42,0,7,2493.21,5,4,3,12,Loyal Customers,Patrick O'Donnell,Consumer
PO-19180,9,4893.04,1155.43,65,271.84,0.11,2015-08-11,2017-07-23,18,3,19.63,160,9,4893.04,2,5,5,12,Loyal Customers,Philisse Overcash,Home Office
PO-19195,5,1056.86,-49.7,32,105.69,0.19,2014-01-04,2017-10-05,10,3,3.24,86,5,1056.86,3,2,2,7,Need Attention,Phillina Ober,Home Office
PP-18955,10,7252.61,1495.09,138,213.31,0.11,2014-08-26,2017-09-24,34,3,19.48,97,10,7252.61,3,5,5,13,Champions,Paul Prost,Home Office
PR-18880,5,1840.18,247.62,43,153.35,0.12,2014-09-05,2017-11-24,12,3,21.94,36,5,1840.18,4,2,3,9,New Customers,Patrick Ryan,Consumer
PS-18760,6,2181.48,-134.44,75,103.88,0.22,2014-06-15,2017-09-14,21,3,-0.25,107,6,2181.48,2,3,3,8,At Risk,Pamela Stobb,Consumer
PS-18970,8,1278.64,198.51,52,98.36,0.05,2014-04-15,2017-10-22,13,2,26.95,69,8,1278.64,3,4,2,9,Potential Loyalists,Paul Stevenson,Home Office
PS-19045,7,6843.63,1742.73,47,526.43,0.08,2014-12-20,2017-05-08,13,3,22.31,236,7,6843.63,1,4,5,10,Loyal Customers,Penelope Sewall,Home Office
PT-19090,4,160.57,-20.05,19,22.94,0.37,2014-09-12,2017-10-20,7,2,-39.11,71,4,160.57,3,2,1,6,Need Attention,Pete Takahito,Consumer
PV-18985,5,2876.05,434.53,52,221.23,0.08,2014-07-12,2017-10-02,13,3,28.11,89,5,2876.05,3,2,4,9,Need Attention,Paul Van Hugh,Home Office
PW-19030,10,3454.92,803.82,48,265.76,0.04,2014-05-16,2017-11-14,13,3,29.59,46,10,3454.92,4,5,4,13,Champions,Pauline Webber,Corporate
PW-19240,7,3922.42,1290.35,39,326.87,0.17,2014-11-18,2016-09-22,12,3,13.83,464,7,3922.42,1,4,4,9,At Risk,Pierre Wener,Consumer
QJ-19255,9,6108.34,1203.68,61,469.87,0.12,2014-03-17,2017-12-05,13,3,19.24,25,9,6108.34,5,5,5,15,Champions,Quincy Jones,Corporate
RA-19285,9,2617.91,546.09,58,153.99,0.16,2014-12-13,2017-12-25,17,3,12.07,5,9,2617.91,5,5,3,13,Champions,Ralph Arnett,Consumer
RA-19885,7,3832.31,1292.87,53,255.49,0.04,2014-04-08,2017-11-17,15,3,36.1,43,7,3832.31,4,4,4,12,Loyal Customers,Ruben Ausman,Corporate
RA-19915,9,4793.54,304.87,75,217.89,0.28,2014-06-30,2017-12-18,22,3,-24.37,12,9,4793.54,5,5,5,15,Champions,Russell Applegate,Consumer
RA-19945,5,1686.92,-445.7,27,187.44,0.32,2014-08-29,2017-10-30,9,3,-16.91,61,5,1686.92,3,2,2,7,Need Attention,Ryan Akin,Consumer
RB-19330,2,1008.2,-164.41,16,168.03,0.32,2014-11-17,2017-10-23,6,3,-25.92,68,2,1008.2,3,1,2,6,Need Attention,Randy Bradley,Consumer
RB-19360,6,15117.34,6976.1,71,839.85,0.09,2016-04-01,2017-09-25,18,3,20.96,96,6,15117.34,3,3,5,11,Loyal Customers,Raymond Buch,Consumer
RB-19435,8,2663.09,477.24,66,166.44,0.16,2014-03-11,2017-12-11,16,3,2.56,19,8,2663.09,5,4,3,12,Loyal Customers,Richard Bierner,Consumer
RB-19465,12,4715.47,640.55,85,205.02,0.13,2014-03-14,2017-12-21,22,3,16.64,9,12,4715.47,5,5,5,15,Champions,Rick Bensley,Home Office
RB-19570,5,528.55,76.89,35,58.73,0.17,2016-04-28,2017-12-05,9,3,14.44,25,5,528.55,5,2,1,8,New Customers,Rob Beeghly,Consumer
RB-19645,5,221.08,72.68,29,31.58,0.14,2014-08-23,2016-03-22,7,3,33.32,648,5,221.08,1,2,1,4,Lost/Hibernating,Robert Barroso,Corporate
RB-19705,4,2067.45,243.08,22,295.35,0.16,2015-08-22,2017-11-06,7,3,1.34,54,4,2067.45,3,2,3,8,Need Attention,Roger Barcio,Home Office
RB-19795,8,5633.32,-461.73,92,312.96,0.25,2014-06-03,2017-11-28,17,3,4.04,32,8,5633.32,4,4,5,13,Champions,Ross Baird,Home Office
RC-19825,6,966.41,63.99,29,96.64,0.11,2014-12-05,2016-12-26,10,3,21.09,369,6,966.41,1,3,2,6,At Risk,Roy Collins,Consumer
RC-19960,6,885.75,10.56,44,80.52,0.17,2014-08-25,2017-09-11,11,3,21.57,110,6,885.75,2,3,1,6,At Risk,Ryan Crowe,Consumer
RD-19480,8,4272.93,480.59,60,284.86,0.11,2014-06-08,2017-10-19,14,3,26.1,72,8,4272.93,3,4,4,11,Loyal Customers,Rick Duston,Consumer
RD-19585,10,2912.89,734.52,73,153.31,0.03,2014-04-02,2017-07-03,19,3,33.59,180,10,2912.89,2,5,4,11,Loyal Customers,Rob Dowd,Consumer
RD-19660,5,2786.63,835.77,23,557.33,0.08,2015-04-12,2017-09-07,5,2,17.25,114,5,2786.63,2,2,4,8,Cant Lose Them,Robert Dilbeck,Home Office
RD-19720,10,1419.74,207.33,78,70.99,0.16,2014-07-20,2017-12-09,20,3,13.56,21,10,1419.74,5,5,2,12,Loyal Customers,Roger Demir,Consumer
RD-19810,8,1137.62,318.46,63,71.1,0.19,2014-10-27,2017-12-16,15,3,12.39,14,8,1137.62,5,4,2,11,Loyal Customers,Ross DeVincentis,Home Office
RD-19900,9,3133.92,455.53,85,149.23,0.06,2014-04-05,2017-09-07,21,3,27.63,114,9,3133.92,2,5,4,11,Loyal Customers,Ruben Dartt,Consumer
RD-19930,4,970.94,35.06,33,97.09,0.31,2014-10-03,2017-11-18,10,3,-12.0,42,4,970.94,4,2,2,8,New Customers,Russell D'Ascenzo,Consumer
RE-19405,1,48.36,6.04,5,48.36,0.2,2014-12-29,2014-12-29,1,1,12.5,1097,1,48.36,1,1,1,3,Lost/Hibernating,Ricardo Emerson,Consumer
RE-19450,5,876.7,209.23,47,97.41,0.13,2014-06-03,2017-03-03,9,3,20.81,302,5,876.7,1,2,1,4,Lost/Hibernating,Richard Eichhorn,Consumer
RF-19345,8,3309.15,633.71,67,206.82,0.14,2014-05-20,2016-12-05,16,3,14.82,390,8,3309.15,1,4,4,9,At Risk,Randy Ferguson,Corporate
RF-19735,7,2341.3,711.62,53,167.24,0.01,2014-08-06,2017-10-02,14,3,38.36,89,7,2341.3,3,4,3,10,Loyal Customers,Roland Fjeld,Consumer
RF-19840,8,945.22,280.03,45,85.93,0.08,2014-11-12,2017-12-24,11,3,18.61,6,8,945.22,5,4,1,10,Loyal Customers,Roy Französisch,Consumer
RH-19495,5,3621.38,563.79,38,452.67,0.1,2014-08-23,2017-11-28,8,3,33.79,32,5,3621.38,4,2,4,10,Loyal Customers,Rick Hansen,Consumer
RH-19510,6,6979.18,1289.45,43,581.6,0.03,2014-11-16,2016-09-19,11,3,28.9,467,6,6979.18,1,3,5,9,At Risk,Rick Huthwaite,Home Office
RH-19555,2,740.38,0.31,11,246.79,0.53,2015-12-04,2016-07-29,3,1,-47.64,519,2,740.38,1,1,1,3,Lost/Hibernating,Ritsa Hightower,Consumer
RH-19600,3,2085.74,172.63,43,189.61,0.11,2015-07-02,2016-07-14,11,3,18.0,534,3,2085.74,1,1,3,5,Cant Lose Them,Rob Haberlin,Consumer
RK-19300,3,1460.19,269.69,29,182.52,0.08,2015-07-20,2017-09-02,8,3,29.38,119,3,1460.19,2,1,2,5,Lost/Hibernating,Ralph Kennedy,Consumer
RL-19615,8,6234.91,488.15,101,259.79,0.22,2014-12-05,2017-08-31,24,3,7.61,121,8,6234.91,2,4,5,11,Loyal Customers,Rob Lucas,Consumer
RM-19375,6,1453.47,392.15,29,161.5,0.04,2014-05-11,2017-01-19,9,3,31.61,345,6,1453.47,1,3,2,6,At Risk,Raymond Messe,Consumer
RM-19675,5,5979.1,1902.54,39,543.55,0.05,2014-11-14,2017-12-24,11,3,32.6,6,5,5979.1,5,2,5,12,Loyal Customers,Robert Marley,Home Office
RM-19750,1,98.35,28.69,4,49.18,0.0,2017-03-06,2017-03-06,2,2,34.5,299,1,98.35,1,1,1,3,Lost/Hibernating,Roland Murray,Consumer
RO-19780,7,3815.48,-1262.57,48,317.96,0.29,2015-05-12,2017-11-25,12,3,-17.68,35,7,3815.48,4,4,4,12,Loyal Customers,Rose O'Brian,Consumer
RP-19270,4,954.65,59.54,47,79.55,0.19,2014-10-19,2016-08-21,11,3,14.32,496,4,954.65,1,2,1,4,Lost/Hibernating,Rachel Payne,Corporate
RP-19390,12,5153.08,465.25,88,206.12,0.15,2014-05-24,2017-11-27,25,3,12.39,33,12,5153.08,4,5,5,14,Champions,Resi Pölking,Consumer
RP-19855,8,2170.72,594.59,61,144.71,0.13,2014-04-05,2017-12-02,15,2,11.41,28,8,2170.72,4,4,3,11,Loyal Customers,Roy Phan,Corporate
RR-19315,2,615.93,-73.83,7,153.98,0.27,2016-11-14,2017-12-11,4,2,-1.46,19,2,615.93,5,1,1,7,New Customers,Ralph Ritter,Consumer
RR-19525,6,3302.26,721.68,36,330.23,0.06,2014-09-09,2017-07-13,10,3,29.52,170,6,3302.26,2,3,4,9,At Risk,Rick Reed,Corporate
RS-19420,5,3221.29,633.45,29,357.92,0.0,2014-08-05,2017-10-15,9,2,32.44,76,5,3221.29,3,2,4,9,Need Attention,Ricardo Sperren,Corporate
RS-19765,8,4159.77,1206.39,54,297.13,0.11,2014-04-07,2017-11-24,14,3,18.95,36,8,4159.77,4,4,4,12,Loyal Customers,Roland Schwarz,Corporate
RS-19870,2,22.33,9.58,10,7.44,0.07,2016-06-07,2017-12-11,3,1,44.08,19,2,22.33,5,1,1,7,New Customers,Roy Skaria,Home Office
RW-19540,7,7397.4,1586.63,89,321.63,0.13,2015-02-03,2017-09-01,23,3,16.91,120,7,7397.4,2,4,5,11,Loyal Customers,Rick Wilson,Corporate
RW-19630,9,3279.75,698.83,53,204.98,0.14,2014-06-28,2017-10-02,16,3,8.77,89,9,3279.75,3,5,4,12,Loyal Customers,Rob Williams,Corporate
RW-19690,5,3495.65,707.55,61,233.04,0.07,2016-05-30,2017-10-12,15,2,23.17,79,5,3495.65,3,2,4,9,Need Attention,Robert Waldorf,Consumer
SA-20830,10,4767.34,610.15,75,227.02,0.19,2014-02-22,2017-10-28,21,3,17.61,63,10,4767.34,3,5,5,13,Champions,Sue Ann Reed,Consumer
SB-20170,3,1348.02,157.67,24,192.57,0.19,2014-06-06,2017-06-12,7,2,1.13,201,3,1348.02,2,1,2,5,Lost/Hibernating,Sarah Bern,Consumer
SB-20185,6,6411.0,885.46,45,534.25,0.14,2014-09-20,2017-06-25,12,3,19.87,188,6,6411.0,2,3,5,10,Loyal Customers,Sarah Brown,Consumer
SB-20290,7,8057.89,-2082.75,84,473.99,0.24,2014-05-09,2017-11-13,17,3,-6.86,47,7,8057.89,4,4,5,13,Champions,Sean Braxton,Corporate
SC-20020,5,3362.96,-317.05,62,197.82,0.22,2014-03-03,2015-11-10,17,3,-6.87,781,5,3362.96,1,2,4,7,Cant Lose Them,Sam Craven,Consumer
SC-20050,9,4624.57,1011.74,61,308.3,0.19,2014-03-18,2017-11-20,15,3,2.53,40,9,4624.57,4,5,5,14,Champions,Sample Company A,Home Office
SC-20095,9,14142.33,5757.41,87,642.83,0.06,2014-02-12,2017-01-15,22,3,26.31,349,9,14142.33,1,5,5,11,Loyal Customers,Sanjit Chand,Consumer
SC-20230,4,4371.96,440.14,49,397.45,0.11,2016-06-06,2017-08-03,11,3,19.75,149,4,4371.96,2,2,5,9,Cant Lose Them,Scot Coram,Corporate
SC-20260,8,3729.79,671.0,63,207.21,0.2,2014-04-06,2017-06-26,18,3,-5.89,187,8,3729.79,2,4,4,10,Loyal Customers,Scott Cohen,Corporate
SC-20305,7,3979.06,229.16,64,331.59,0.22,2014-12-16,2017-12-01,12,3,15.63,29,7,3979.06,4,4,4,12,Loyal Customers,Sean Christensen,Consumer
SC-20380,9,5992.54,236.66,80,299.63,0.19,2014-03-01,2017-11-30,20,3,4.03,30,9,5992.54,4,5,5,14,Champions,Shahid Collister,Consumer
SC-20440,7,1875.0,379.56,44,187.5,0.28,2015-08-17,2017-11-24,10,3,-0.83,36,7,1875.0,4,4,3,11,Loyal Customers,Shaun Chance,Corporate
SC-20575,5,902.73,100.23,30,128.96,0.34,2014-06-16,2017-09-29,7,2,-31.24,92,5,902.73,3,2,1,6,Need Attention,Sonia Cooley,Consumer
SC-20680,6,1254.64,370.16,26,156.83,0.0,2014-11-21,2017-08-26,8,3,35.75,126,6,1254.64,2,3,2,7,At Risk,Steve Carroll,Home Office
SC-20695,10,2576.41,611.83,66,184.03,0.16,2014-12-16,2017-10-02,14,3,-11.29,89,10,2576.41,3,5,3,11,Loyal Customers,Steve Chapman,Corporate
SC-20725,11,5226.21,1276.65,133,201.01,0.15,2014-06-03,2017-06-26,26,3,12.02,187,11,5226.21,2,5,5,12,Loyal Customers,Steven Cartwright,Consumer
SC-20770,7,4492.66,-671.19,75,213.94,0.3,2015-06-20,2017-11-19,21,3,-15.31,41,7,4492.66,4,4,5,13,Champions,Stewart Carmichael,Corporate
SC-20800,4,279.26,51.83,11,55.85,0.12,2015-12-11,2017-11-30,5,2,24.3,30,4,279.26,4,2,1,7,New Customers,Stuart Calhoun,Consumer
SC-20845,2,280.63,31.18,13,70.16,0.2,2016-11-11,2017-08-21,4,2,20.0,131,2,280.63,2,1,1,4,Lost/Hibernating,Sung Chung,Consumer
SD-20485,9,6121.11,1985.17,82,291.48,0.1,2014-01-26,2017-06-13,21,3,20.22,200,9,6121.11,2,5,5,12,Loyal Customers,Shirley Daniels,Home Office
SE-20110,11,12209.44,2650.68,78,642.6,0.11,2014-04-11,2017-12-21,19,3,19.39,9,11,12209.44,5,5,5,15,Champions,Sanjit Engle,Consumer
SF-20065,7,763.55,228.16,35,84.84,0.1,2014-09-10,2017-11-01,9,2,23.95,59,7,763.55,3,4,1,8,Potential Loyalists,Sandra Flanagan,Consumer
SF-20200,9,3422.79,286.9,74,228.19,0.13,2014-12-23,2017-11-01,15,3,17.98,59,9,3422.79,3,5,4,12,Loyal Customers,Sarah Foster,Consumer
SF-20965,9,3336.54,539.94,66,196.27,0.27,2014-10-21,2017-11-12,17,3,-6.35,48,9,3336.54,4,5,4,13,Champions,Sylvia Foulston,Corporate
SG-20080,3,3406.58,570.44,30,309.69,0.07,2015-10-31,2017-12-22,11,3,27.13,8,3,3406.58,5,1,4,10,Loyal Customers,Sandra Glassco,Consumer
SG-20470,8,1884.8,-119.01,62,134.63,0.15,2014-07-26,2017-06-30,14,3,10.33,183,8,1884.8,2,4,3,9,At Risk,Sheri Gordon,Consumer
SG-20605,6,3124.83,463.27,49,240.37,0.09,2014-01-23,2017-09-13,13,3,23.29,108,6,3124.83,2,3,4,9,At Risk,Speros Goranitis,Consumer
SG-20890,3,47.95,-3.71,17,9.59,0.4,2014-03-30,2017-05-18,5,1,-50.15,226,3,47.95,1,1,1,3,Lost/Hibernating,Susan Gilcrest,Corporate
SH-19975,13,3406.84,558.47,113,117.48,0.14,2014-12-10,2017-12-01,29,3,15.98,29,13,3406.84,4,5,4,13,Champions,Sally Hughsby,Corporate
SH-20395,10,2180.72,-144.52,45,145.38,0.23,2014-11-02,2017-12-07,15,3,-0.43,23,10,2180.72,5,5,3,13,Champions,Shahid Hopkins,Consumer
SH-20635,2,2096.39,260.63,16,1048.2,0.2,2014-12-16,2015-11-26,2,1,16.25,765,2,2096.39,1,1,3,5,Cant Lose Them,Stefanie Holloman,Corporate
SJ-20125,12,3949.66,144.12,104,164.57,0.23,2015-09-22,2017-09-26,23,3,-3.36,95,12,3949.66,3,5,4,12,Loyal Customers,Sanjit Jacobs,Home Office
SJ-20215,6,1341.04,-23.51,35,134.1,0.37,2015-02-09,2017-12-01,9,3,-26.85,29,6,1341.04,4,3,2,9,Potential Loyalists,Sarah Jordon,Consumer
SJ-20500,5,1318.78,68.1,30,188.4,0.14,2014-08-31,2017-04-21,7,3,-14.96,253,5,1318.78,1,2,2,5,Lost/Hibernating,Shirley Jackson,Consumer
SK-19990,3,883.41,168.79,19,176.68,0.22,2016-11-28,2017-12-22,5,2,8.4,8,3,883.41,5,1,1,7,New Customers,Sally Knutson,Consumer
SL-20155,7,3053.01,527.97,30,339.22,0.18,2014-09-21,2017-10-21,9,3,1.69,70,7,3053.01,3,4,4,11,Loyal Customers,Sara Luxemburg,Home Office
SM-20005,4,244.49,-26.59,26,40.75,0.27,2014-11-23,2016-11-04,6,2,-2.0,421,4,244.49,1,2,1,4,Lost/Hibernating,Sally Matthias,Consumer
SM-20320,5,25043.05,-1980.74,50,1669.54,0.25,2014-03-18,2017-10-12,15,3,7.78,79,5,25043.05,3,2,5,10,Loyal Customers,Sean Miller,Home Office
SM-20905,1,1043.04,-237.29,20,173.84,0.28,2016-05-03,2016-05-03,6,3,-5.35,606,1,1043.04,1,1,2,4,Lost/Hibernating,Susan MacKendrick,Consumer
SM-20950,12,5563.39,581.57,94,252.88,0.13,2014-09-29,2017-12-05,21,2,19.05,25,12,5563.39,5,5,5,15,Champions,Suzanne McNair,Corporate
SN-20560,6,1860.42,-716.86,67,124.03,0.17,2015-06-18,2017-09-10,15,2,11.98,111,6,1860.42,2,3,3,8,At Risk,Skye Norling,Home Office
SN-20710,7,3127.96,481.75,89,164.63,0.12,2014-05-06,2017-10-12,19,3,22.99,79,7,3127.96,3,4,4,11,Loyal Customers,Steve Nguyen,Home Office
SO-20335,6,2602.58,-81.09,52,173.51,0.14,2015-10-11,2017-12-01,15,3,18.99,29,6,2602.58,4,3,3,10,Loyal Customers,Sean O'Donnell,Consumer
SP-20545,6,1306.09,-118.78,43,130.61,0.26,2014-10-13,2017-02-06,10,3,-26.98,327,6,1306.09,1,3,2,6,At Risk,Sibella Parks,Corporate
SP-20620,9,5440.32,-270.43,77,226.68,0.25,2014-09-08,2017-11-13,24,3,-1.43,47,9,5440.32,4,5,5,14,Champions,Stefania Perrino,Corporate
SP-20650,9,1872.44,268.48,71,124.83,0.15,2014-04-16,2016-12-09,15,3,19.51,386,9,1872.44,1,5,3,9,At Risk,Stephanie Phelps,Corporate
SP-20860,10,4282.94,566.72,80,178.46,0.21,2014-12-15,2017-10-12,23,3,7.27,79,10,4282.94,3,5,5,13,Champions,Sung Pak,Corporate
SP-20920,6,3990.69,14.69,57,285.05,0.27,2014-11-22,2017-10-21,14,3,-7.96,70,6,3990.69,3,3,4,10,Loyal Customers,Susan Pistek,Consumer
SR-20425,5,3233.48,-3333.91,34,359.28,0.37,2014-06-14,2017-12-22,9,3,-29.17,8,5,3233.48,5,2,4,11,Loyal Customers,Sharelle Roach,Home Office
SR-20740,8,4345.89,1990.42,50,362.16,0.03,2014-02-20,2017-06-17,12,3,35.0,196,8,4345.89,2,4,5,11,Loyal Customers,Steven Roelle,Home Office
SS-20140,8,1324.03,332.35,86,63.05,0.11,2014-11-23,2017-12-15,21,3,15.05,15,8,1324.03,5,4,2,11,Loyal Customers,Saphhira Shifley,Corporate
SS-20410,6,3056.81,-1010.97,46,254.73,0.26,2014-05-30,2017-09-11,12,3,-18.9,110,6,3056.81,2,3,4,9,At Risk,Shahid Shariari,Consumer
SS-20515,3,613.4,199.93,36,102.23,0.0,2014-07-14,2016-08-26,5,3,33.83,491,3,613.4,1,1,1,3,Lost/Hibernating,Shirley Schmidt,Home Office
SS-20590,6,418.49,135.54,17,46.5,0.0,2014-08-05,2016-10-24,9,2,30.44,432,6,418.49,1,3,1,5,At Risk,Sonia Sunley,Consumer
SS-20875,5,964.64,-75.59,39,64.31,0.24,2014-12-14,2017-09-01,15,3,2.99,120,5,964.64,2,2,2,6,Lost/Hibernating,Sung Shariari,Consumer
ST-20530,7,433.34,84.44,33,36.11,0.2,2014-02-14,2017-08-27,12,3,9.17,125,7,433.34,2,4,1,7,At Risk,Shui Tom,Consumer
SU-20665,7,2595.36,763.47,61,144.19,0.13,2015-12-05,2017-12-10,18,3,22.59,20,7,2595.36,5,4,3,12,Loyal Customers,Stephanie Ulpright,Home Office
SV-20365,10,11470.95,1199.42,109,358.47,0.16,2014-01-11,2017-09-20,31,3,13.21,101,10,11470.95,3,5,5,13,Champions,Seth Vernon,Consumer
SV-20785,9,4105.3,485.03,91,164.21,0.18,2014-04-12,2017-02-13,25,3,9.47,320,9,4105.3,1,5,4,10,Loyal Customers,Stewart Visinsky,Consumer
SV-20815,4,1271.09,199.65,24,211.85,0.2,2015-05-04,2017-10-15,6,3,17.33,76,4,1271.09,3,2,2,7,Need Attention,Stuart Van,Corporate
SV-20935,8,1903.49,106.89,66,146.42,0.23,2016-03-19,2017-12-28,13,3,6.1,2,8,1903.49,5,4,3,12,Loyal Customers,Susan Vittorini,Consumer
SW-20245,7,1085.08,-19.61,33,108.51,0.26,2014-07-20,2017-10-10,10,3,-10.54,81,7,1085.08,3,4,2,9,Potential Loyalists,Scot Wooten,Consumer
SW-20275,6,1966.65,332.87,28,280.95,0.03,2014-03-10,2017-11-30,7,3,32.21,30,6,1966.65,4,3,3,10,Loyal Customers,Scott Williamson,Consumer
SW-20350,3,1019.04,95.84,25,169.84,0.22,2016-04-09,2017-07-21,6,2,3.76,162,3,1019.04,2,1,2,5,Lost/Hibernating,Sean Wendt,Home Office
SW-20455,7,2921.54,793.65,18,324.62,0.11,2015-06-22,2017-07-21,9,3,31.17,162,7,2921.54,2,4,4,10,Loyal Customers,Shaun Weien,Consumer
SW-20755,2,758.7,68.24,27,94.84,0.1,2014-11-02,2016-07-14,8,3,27.66,534,2,758.7,1,1,1,3,Lost/Hibernating,Steven Ward,Corporate
SZ-20035,11,3625.33,366.43,69,181.27,0.22,2014-09-07,2017-11-25,20,3,3.77,35,11,3625.33,4,5,4,13,Champions,Sam Zeldin,Home Office
TA-21385,4,14595.62,4703.79,36,1459.56,0.08,2014-09-12,2017-10-22,10,3,14.5,69,4,14595.62,3,2,5,10,Loyal Customers,Tom Ashbrook,Home Office
TB-21055,5,1467.88,390.21,66,81.55,0.06,2016-06-17,2017-09-02,18,3,36.09,119,5,1467.88,2,2,2,6,Lost/Hibernating,Ted Butterfield,Consumer
TB-21175,4,3589.3,829.16,36,326.3,0.09,2014-12-08,2017-11-02,11,3,23.34,58,4,3589.3,3,2,4,9,Need Attention,Thomas Boland,Corporate
TB-21190,4,816.17,179.0,23,204.04,0.02,2014-12-27,2017-11-11,4,2,32.78,49,4,816.17,4,2,1,7,New Customers,Thomas Brumley,Home Office
TB-21250,7,1602.38,260.62,74,84.34,0.25,2014-12-08,2017-01-15,19,3,-1.68,349,7,1602.38,1,4,2,7,At Risk,Tim Brockman,Consumer
TB-21280,6,2198.45,490.96,35,199.86,0.1,2014-06-21,2016-05-26,11,3,26.33,583,6,2198.45,1,3,3,7,At Risk,Toby Braunhardt,Consumer
TB-21355,5,834.33,268.97,44,64.18,0.06,2016-01-25,2017-08-06,13,3,32.17,146,5,834.33,2,2,1,5,Lost/Hibernating,Todd Boyes,Corporate
TB-21400,7,9133.99,2798.37,55,537.29,0.07,2014-01-21,2017-06-11,17,3,29.74,202,7,9133.99,2,4,5,11,Loyal Customers,Tom Boeckenhauer,Consumer
TB-21520,9,4737.49,-1603.05,85,236.87,0.26,2014-10-17,2017-09-14,20,3,-0.9,107,9,4737.49,2,5,5,12,Loyal Customers,Tracy Blumstein,Consumer
TB-21595,5,1387.56,-136.41,29,198.22,0.27,2014-02-18,2017-03-20,7,3,-3.83,285,5,1387.56,1,2,2,5,Lost/Hibernating,Troy Blackwell,Consumer
TB-21625,9,2797.67,379.88,60,186.51,0.14,2014-08-06,2017-11-30,15,3,6.65,30,9,2797.67,4,5,4,13,Champions,Trudy Brown,Consumer
TC-20980,5,19052.22,8981.32,42,1587.68,0.12,2014-11-07,2016-11-26,12,2,21.29,399,5,19052.22,1,2,5,8,Cant Lose Them,Tamara Chand,Corporate
TC-21145,1,1038.26,265.53,17,259.56,0.0,2017-09-15,2017-09-15,4,3,23.5,106,1,1038.26,2,1,2,5,Lost/Hibernating,Theresa Coyne,Corporate
TC-21295,8,4266.81,606.37,63,266.68,0.13,2014-10-14,2017-12-03,16,3,14.14,27,8,4266.81,4,4,4,12,Loyal Customers,Toby Carlisle,Consumer
TC-21475,9,1244.98,119.1,45,113.18,0.26,2014-11-22,2017-07-30,11,3,-19.0,153,9,1244.98,2,5,2,9,At Risk,Tony Chapman,Home Office
TC-21535,7,742.56,217.93,28,74.26,0.11,2014-11-03,2017-12-26,10,3,18.82,4,7,742.56,5,4,1,10,Loyal Customers,Tracy Collins,Home Office
TD-20995,9,1434.55,88.19,67,89.66,0.24,2014-05-19,2017-11-23,16,2,-10.68,37,9,1434.55,4,5,2,11,Loyal Customers,Tamara Dahlen,Consumer
TG-21310,5,3058.37,682.17,30,339.82,0.21,2015-03-09,2017-01-27,9,3,5.94,337,5,3058.37,1,3,4,8,At Risk,Toby Gnade,Consumer
TG-21640,4,2074.66,365.72,50,207.47,0.13,2014-03-31,2017-09-07,10,3,18.42,114,4,2074.66,2,2,3,7,Cant Lose Them,Trudy Glocke,Consumer
TH-21100,5,2422.82,-135.21,29,346.12,0.17,2014-09-27,2017-01-20,7,3,16.3,344,5,2422.82,1,3,3,7,At Risk,Thea Hendricks,Consumer
TH-21115,4,2942.77,-252.55,29,326.97,0.23,2014-09-23,2017-11-02,9,3,6.6,58,4,2942.77,3,2,4,9,Need Attention,Thea Hudgings,Corporate
TH-21235,8,1022.2,92.73,40,78.63,0.21,2014-11-04,2017-09-04,13,3,-2.2,117,8,1022.2,2,4,2,8,At Risk,Tiffany House,Corporate
TH-21550,7,4234.1,-571.97,44,325.7,0.07,2014-04-05,2017-10-19,13,3,24.65,72,7,4234.1,3,4,4,11,Loyal Customers,Tracy Hopkins,Home Office
TM-21010,8,2955.23,573.3,67,155.54,0.05,2014-02-21,2017-09-18,19,3,25.38,103,8,2955.23,3,4,4,11,Loyal Customers,Tamara Manning,Consumer
TM-21490,3,1094.68,292.52,12,273.67,0.05,2017-03-30,2017-08-22,4,3,24.81,130,3,1094.68,2,1,2,5,Lost/Hibernating,Tony Molinari,Consumer
TN-21040,7,3130.22,-692.05,48,260.85,0.2,2014-10-10,2017-10-01,12,3,0.41,90,7,3130.22,3,4,4,11,Loyal Customers,Tanja Norvell,Home Office
TP-21130,9,4454.06,1129.13,55,278.38,0.09,2015-04-14,2017-12-22,16,3,9.45,8,9,4454.06,5,5,5,15,Champions,Theone Pippenger,Consumer
TP-21415,5,5329.0,-1087.39,39,532.9,0.46,2015-11-28,2017-09-17,10,3,-77.91,104,5,5329.0,2,3,5,10,Loyal Customers,Tom Prescott,Consumer
TP-21565,4,1936.64,139.23,48,193.66,0.24,2015-03-01,2017-01-14,10,3,1.25,350,4,1936.64,1,2,3,6,Cant Lose Them,Tracy Poddar,Corporate
TR-21325,5,675.94,220.36,22,96.56,0.03,2014-12-01,2017-06-20,7,3,38.86,193,5,675.94,2,3,1,6,At Risk,Toby Ritter,Consumer
TS-21085,2,4.83,-3.32,4,2.42,0.7,2015-07-19,2017-01-07,2,1,-68.34,357,2,4.83,1,1,1,3,Lost/Hibernating,Thais Sissman,Consumer
TS-21160,6,2163.62,260.87,60,127.27,0.22,2014-04-23,2016-08-13,17,3,-0.3,504,6,2163.62,1,3,3,7,At Risk,Theresa Swint,Corporate
TS-21205,7,5371.09,862.89,67,282.69,0.16,2014-03-21,2017-06-15,19,3,5.82,198,7,5371.09,2,4,5,11,Loyal Customers,Thomas Seio,Corporate
TS-21340,5,974.78,-184.98,51,81.23,0.28,2014-01-19,2017-05-18,12,2,-9.65,226,5,974.78,1,3,2,6,At Risk,Toby Swindell,Consumer
TS-21370,6,11891.75,2371.71,59,792.78,0.12,2014-10-28,2017-11-24,15,3,7.8,36,6,11891.75,4,3,5,12,Loyal Customers,Todd Sumrall,Corporate
TS-21430,5,2054.14,48.7,31,293.45,0.16,2014-07-30,2017-07-11,7,3,18.75,172,5,2054.14,2,3,3,8,At Risk,Tom Stivers,Corporate
TS-21505,6,2243.27,11.38,54,160.23,0.19,2014-12-20,2017-12-19,14,3,-1.38,11,6,2243.27,5,3,3,11,Loyal Customers,Tony Sayre,Consumer
TS-21610,7,2820.42,-294.7,44,256.4,0.37,2014-08-16,2017-11-05,11,2,-25.46,55,7,2820.42,3,4,4,11,Loyal Customers,Troy Staebel,Consumer
TS-21655,5,3368.09,220.92,52,240.58,0.19,2015-02-06,2017-05-06,14,3,-12.4,238,5,3368.09,1,3,4,8,At Risk,Trudy Schmidt,Consumer
TT-21070,7,4915.6,751.96,66,351.11,0.11,2014-05-18,2017-11-29,14,3,28.34,31,7,4915.6,4,4,5,13,Champions,Ted Trevino,Consumer
TT-21220,8,1427.04,278.74,55,95.14,0.21,2014-09-23,2017-06-30,14,3,1.15,183,8,1427.04,2,4,2,8,At Risk,Thomas Thornton,Consumer
TT-21265,3,439.5,93.92,8,146.5,0.0,2015-08-15,2016-11-19,3,1,25.0,406,3,439.5,1,1,1,3,Lost/Hibernating,Tim Taslimi,Corporate
TT-21460,7,5364.81,1124.5,48,383.2,0.13,2015-12-08,2017-12-18,14,3,18.46,12,7,5364.81,5,4,5,14,Champions,Tonja Turnell,Home Office
TW-21025,7,5278.83,737.39,57,439.9,0.1,2014-12-22,2017-10-27,12,3,22.52,64,7,5278.83,3,4,5,12,Loyal Customers,Tamara Willingham,Home Office
TZ-21580,4,1707.29,224.89,30,189.7,0.09,2014-11-11,2017-11-25,9,3,27.42,35,4,1707.29,4,2,2,8,New Customers,Tracy Zic,Consumer
VB-21745,6,2005.6,371.24,37,200.56,0.17,2015-07-17,2017-11-06,10,2,8.08,54,6,2005.6,3,3,3,9,Potential Loyalists,Victoria Brennan,Corporate
VD-21670,6,6442.25,1617.79,71,402.64,0.08,2014-08-04,2016-05-28,16,3,21.83,581,6,6442.25,1,3,5,9,At Risk,Valerie Dominguez,Consumer
VF-21715,5,847.94,-96.28,35,77.09,0.06,2014-03-01,2017-12-17,11,2,28.94,13,5,847.94,5,3,1,9,Potential Loyalists,Vicky Freymann,Home Office
VG-21790,6,846.01,143.63,32,105.75,0.08,2014-08-08,2017-07-29,8,3,22.06,154,6,846.01,2,3,1,6,At Risk,Vivek Gonzalez,Consumer
VG-21805,5,427.37,-52.33,16,71.23,0.1,2014-09-22,2017-03-19,6,2,22.08,286,5,427.37,1,3,1,5,At Risk,Vivek Grady,Corporate
VM-21685,7,2454.87,513.53,37,204.57,0.1,2014-04-07,2017-11-06,12,2,21.21,54,7,2454.87,3,4,3,10,Loyal Customers,Valerie Mitchum,Home Office
VM-21835,5,380.69,116.64,25,47.59,0.11,2014-03-22,2017-09-04,8,2,24.48,117,5,380.69,2,3,1,6,At Risk,Vivian Mathis,Consumer
VP-21730,3,993.9,205.39,18,198.78,0.04,2015-07-05,2017-11-30,5,2,22.95,30,3,993.9,4,1,2,7,New Customers,Victor Preis,Home Office
VP-21760,7,3360.53,-1018.78,65,240.04,0.17,2014-09-06,2017-10-16,14,3,8.5,75,7,3360.53,3,4,4,11,Loyal Customers,Victoria Pisteka,Corporate
VS-21820,4,1055.98,-262.81,38,132.0,0.48,2014-01-07,2017-05-23,8,3,-62.92,221,4,1055.98,2,2,2,6,Lost/Hibernating,Vivek Sundaresam,Consumer
VT-21700,2,1736.6,-224.09,42,192.96,0.33,2014-06-06,2015-04-05,9,3,-10.74,1000,2,1736.6,1,1,2,4,Lost/Hibernating,Valerie Takahito,Home Office
VW-21775,10,6134.04,-874.66,77,340.78,0.16,2014-05-11,2017-12-02,18,3,11.6,28,10,6134.04,4,5,5,14,Champions,Victoria Wilson,Corporate
WB-21850,11,6160.1,714.33,146,166.49,0.21,2014-11-04,2017-12-10,36,3,1.85,20,11,6160.1,5,5,5,15,Champions,William Brown,Consumer
XP-21865,11,2374.66,621.23,100,84.81,0.05,2014-01-20,2017-11-17,28,3,31.95,43,11,2374.66,4,5,3,12,Loyal Customers,Xylona Preis,Consumer
YC-21895,5,5454.35,1305.63,31,681.79,0.08,2014-11-17,2017-12-26,8,3,26.72,4,5,5454.35,5,3,5,13,Champions,Yoseph Carroll,Corporate
YS-21880,8,6720.44,1778.29,58,560.04,0.05,2015-01-12,2017-12-21,11,3,23.69,9,8,6720.44,5,4,5,14,Champions,Yana Sorensen,Corporate
ZC-21910,13,8025.71,-1032.15,105,258.89,0.25,2014-10-13,2017-11-06,31,3,-20.1,54,13,8025.71,3,5,5,13,Champions,Zuschuss Carroll,Consumer
ZD-21925,5,1493.94,249.13,32,165.99,0.11,2014-08-27,2017-06-11,9,3,25.83,202,5,1493.94,2,3,2,7,At Risk,Zuschuss Donatelli,Consumer
